[{"name":"Австралия","code":"AU"},{"name":"Австрия","code":"AT"},{"name":"Азербайджан","code":"AZ"},{"name":"Алжир","code":"DZ"},{"name":"Аржентина","code":"AR"},{"name":"Бангладеш","code":"BD"},{"name":"Бахрейн","code":"BH"},{"name":"Беларус","code":"BY"},{"name":"Белгия","code":"BE"},{"name":"Боливия","code":"BO"},{"name":"Босна и Херцеговина","code":"BA"},{"name":"Бразилия","code":"BR"},{"name":"България","code":"BG"},{"name":"Великобритания","code":"GB"},{"name":"Венесуела","code":"VE"},{"name":"Виетнам","code":"VN"},{"name":"Гана","code":"GH"},{"name":"Гватемала","code":"GT"},{"name":"Германия","code":"DE"},{"name":"Грузия","code":"GE"},{"name":"Гърция","code":"GR"},{"name":"Дания","code":"DK"},{"name":"Доминиканска република","code":"DO"},{"name":"Египет","code":"EG"},{"name":"Еквадор","code":"EC"},{"name":"Естония","code":"EE"},{"name":"Зимбабве","code":"ZW"},{"name":"Израел","code":"IL"},{"name":"Индия","code":"IN"},{"name":"Индонезия","code":"ID"},{"name":"Ирак","code":"IQ"},{"name":"Ирландия","code":"IE"},{"name":"Исландия","code":"IS"},{"name":"Испания","code":"ES"},{"name":"Италия","code":"IT"},{"name":"Йемен","code":"YE"},{"name":"Йордания","code":"JO"},{"name":"Казахстан","code":"KZ"},{"name":"Камбоджа","code":"KH"},{"name":"Канада","code":"CA"},{"name":"Катар","code":"QA"},{"name":"Кения","code":"KE"},{"name":"Кипър","code":"CY"},{"name":"Колумбия","code":"CO"},{"name":"Коста Рика","code":"CR"},{"name":"Кувейт","code":"KW"},{"name":"Лаос","code":"LA"},{"name":"Латвия","code":"LV"},{"name":"Либия","code":"LY"},{"name":"Ливан","code":"LB"},{"name":"Литва","code":"LT"},{"name":"Лихтенщайн","code":"LI"},{"name":"Люксембург","code":"LU"},{"name":"Малайзия","code":"MY"},{"name":"Малта","code":"MT"},{"name":"Мароко","code":"MA"},{"name":"Мексико","code":"MX"},{"name":"Молдова","code":"MD"},{"name":"Непал","code":"NP"},{"name":"Нигерия","code":"NG"},{"name":"Нидерландия","code":"NL"},{"name":"Никарагуа","code":"NI"},{"name":"Нова Зеландия","code":"NZ"},{"name":"Норвегия","code":"NO"},{"name":"Обединени арабски емирства","code":"AE"},{"name":"Оман","code":"OM"},{"name":"Пакистан","code":"PK"},{"name":"Панама","code":"PA"},{"name":"Папуа Нова Гвинея","code":"PG"},{"name":"Парагвай","code":"PY"},{"name":"Перу","code":"PE"},{"name":"Полша","code":"PL"},{"name":"Португалия","code":"PT"},{"name":"Пуерто Рико","code":"PR"},{"name":"Румъния","code":"RO"},{"name":"Русия","code":"RU"},{"name":"Салвадор","code":"SV"},{"name":"Саудитска Арабия","code":"SA"},{"name":"Северна Македония","code":"MK"},{"name":"Сенегал","code":"SN"},{"name":"Сингапур","code":"SG"},{"name":"Словакия","code":"SK"},{"name":"Словения","code":"SI"},{"name":"Съединени щати","code":"US"},{"name":"Сърбия","code":"RS"},{"name":"Тайван","code":"TW"},{"name":"Тайланд","code":"TH"},{"name":"Танзания","code":"TZ"},{"name":"Тунис","code":"TN"},{"name":"Турция","code":"TR"},{"name":"Уганда","code":"UG"},{"name":"Украйна","code":"UA"},{"name":"Унгария","code":"HU"},{"name":"Уругвай","code":"UY"},{"name":"Филипини","code":"PH"},{"name":"Финландия","code":"FI"},{"name":"Франция","code":"FR"},{"name":"Хондурас","code":"HN"},{"name":"Хонконг","code":"HK"},{"name":"Хърватска","code":"HR"},{"name":"Черна гора","code":"ME"},{"name":"Чехия","code":"CZ"},{"name":"Чили","code":"CL"},{"name":"Швейцария","code":"CH"},{"name":"Швеция","code":"SE"},{"name":"Шри Ланка","code":"LK"},{"name":"Южна Африка","code":"ZA"},{"name":"Южна Корея","code":"KR"},{"name":"Ямайка","code":"JM"},{"name":"Япония","code":"JP"}]