[{"name":"Algeriet","code":"DZ"},{"name":"Argentina","code":"AR"},{"name":"Aserbajdsjan","code":"AZ"},{"name":"Australien","code":"AU"},{"name":"Bahrain","code":"BH"},{"name":"Bangladesh","code":"BD"},{"name":"Belarus","code":"BY"},{"name":"Belgien","code":"BE"},{"name":"Bolivia","code":"BO"},{"name":"Bosnien-Hercegovina","code":"BA"},{"name":"Brasilien","code":"BR"},{"name":"Bulgarien","code":"BG"},{"name":"Cambodja","code":"KH"},{"name":"Canada","code":"CA"},{"name":"Chile","code":"CL"},{"name":"Colombia","code":"CO"},{"name":"Costa Rica","code":"CR"},{"name":"Cypern","code":"CY"},{"name":"Danmark","code":"DK"},{"name":"Den Dominikanske Republik","code":"DO"},{"name":"Ecuador","code":"EC"},{"name":"Egypten","code":"EG"},{"name":"El Salvador","code":"SV"},{"name":"Estland","code":"EE"},{"name":"Filippinerne","code":"PH"},{"name":"Finland","code":"FI"},{"name":"Forenede Arabiske Emirater","code":"AE"},{"name":"Frankrig","code":"FR"},{"name":"Georgien","code":"GE"},{"name":"Ghana","code":"GH"},{"name":"Grækenland","code":"GR"},{"name":"Guatemala","code":"GT"},{"name":"Honduras","code":"HN"},{"name":"Hongkong","code":"HK"},{"name":"Indien","code":"IN"},{"name":"Indonesien","code":"ID"},{"name":"Irak","code":"IQ"},{"name":"Irland","code":"IE"},{"name":"Island","code":"IS"},{"name":"Israel","code":"IL"},{"name":"Italien","code":"IT"},{"name":"Jamaica","code":"JM"},{"name":"Japan","code":"JP"},{"name":"Jordan","code":"JO"},{"name":"Kasakhstan","code":"KZ"},{"name":"Kenya","code":"KE"},{"name":"Kroatien","code":"HR"},{"name":"Kuwait","code":"KW"},{"name":"Laos","code":"LA"},{"name":"Letland","code":"LV"},{"name":"Libanon","code":"LB"},{"name":"Libyen","code":"LY"},{"name":"Liechtenstein","code":"LI"},{"name":"Litauen","code":"LT"},{"name":"Luxembourg","code":"LU"},{"name":"Malaysia","code":"MY"},{"name":"Malta","code":"MT"},{"name":"Marokko","code":"MA"},{"name":"Mexico","code":"MX"},{"name":"Moldova","code":"MD"},{"name":"Montenegro","code":"ME"},{"name":"Nederlandene","code":"NL"},{"name":"Nepal","code":"NP"},{"name":"New Zealand","code":"NZ"},{"name":"Nicaragua","code":"NI"},{"name":"Nigeria","code":"NG"},{"name":"Norge","code":"NO"},{"name":"Oman","code":"OM"},{"name":"Pakistan","code":"PK"},{"name":"Panama","code":"PA"},{"name":"Papua Ny Guinea","code":"PG"},{"name":"Paraguay","code":"PY"},{"name":"Peru","code":"PE"},{"name":"Polen","code":"PL"},{"name":"Portugal","code":"PT"},{"name":"Puerto Rico","code":"PR"},{"name":"Qatar","code":"QA"},{"name":"Republikken Nordmakedonien","code":"MK"},{"name":"Rumænien","code":"RO"},{"name":"Rusland","code":"RU"},{"name":"Saudi-Arabien","code":"SA"},{"name":"Schweiz","code":"CH"},{"name":"Senegal","code":"SN"},{"name":"Serbien","code":"RS"},{"name":"Singapore","code":"SG"},{"name":"Slovakiet","code":"SK"},{"name":"Slovenien","code":"SI"},{"name":"Spanien","code":"ES"},{"name":"Sri Lanka","code":"LK"},{"name":"Storbritannien og Nordirland","code":"GB"},{"name":"Sverige","code":"SE"},{"name":"Sydafrika","code":"ZA"},{"name":"Sydkorea","code":"KR"},{"name":"Taiwan","code":"TW"},{"name":"Tanzania","code":"TZ"},{"name":"Thailand","code":"TH"},{"name":"Tjekkiet","code":"CZ"},{"name":"Tunesien","code":"TN"},{"name":"Tyrkiet","code":"TR"},{"name":"Tyskland","code":"DE"},{"name":"Uganda","code":"UG"},{"name":"Ukraine","code":"UA"},{"name":"Ungarn","code":"HU"},{"name":"Uruguay","code":"UY"},{"name":"USA","code":"US"},{"name":"Venezuela","code":"VE"},{"name":"Vietnam","code":"VN"},{"name":"Yemen","code":"YE"},{"name":"Zimbabwe","code":"ZW"},{"name":"Østrig","code":"AT"}]