[{"name":"Ägypten","code":"EG"},{"name":"Algerien","code":"DZ"},{"name":"Argentinien","code":"AR"},{"name":"Aserbaidschan","code":"AZ"},{"name":"Australien","code":"AU"},{"name":"Bahrain","code":"BH"},{"name":"Bangladesch","code":"BD"},{"name":"Belarus","code":"BY"},{"name":"Belgien","code":"BE"},{"name":"Bolivien","code":"BO"},{"name":"Bosnien und Herzegowina","code":"BA"},{"name":"Brasilien","code":"BR"},{"name":"Bulgarien","code":"BG"},{"name":"Chile","code":"CL"},{"name":"Costa Rica","code":"CR"},{"name":"Dänemark","code":"DK"},{"name":"Deutschland","code":"DE"},{"name":"Dominikanische Republik","code":"DO"},{"name":"Ecuador","code":"EC"},{"name":"El Salvador","code":"SV"},{"name":"Estland","code":"EE"},{"name":"Finnland","code":"FI"},{"name":"Frankreich","code":"FR"},{"name":"Georgien","code":"GE"},{"name":"Ghana","code":"GH"},{"name":"Griechenland","code":"GR"},{"name":"Guatemala","code":"GT"},{"name":"Honduras","code":"HN"},{"name":"Hongkong","code":"HK"},{"name":"Indien","code":"IN"},{"name":"Indonesien","code":"ID"},{"name":"Irak","code":"IQ"},{"name":"Irland","code":"IE"},{"name":"Island","code":"IS"},{"name":"Israel","code":"IL"},{"name":"Italien","code":"IT"},{"name":"Jamaika","code":"JM"},{"name":"Japan","code":"JP"},{"name":"Jemen","code":"YE"},{"name":"Jordanien","code":"JO"},{"name":"Kambodscha","code":"KH"},{"name":"Kanada","code":"CA"},{"name":"Kasachstan","code":"KZ"},{"name":"Katar","code":"QA"},{"name":"Kenia","code":"KE"},{"name":"Kolumbien","code":"CO"},{"name":"Kroatien","code":"HR"},{"name":"Kuwait","code":"KW"},{"name":"Laos","code":"LA"},{"name":"Lettland","code":"LV"},{"name":"Libanon","code":"LB"},{"name":"Libyen","code":"LY"},{"name":"Liechtenstein","code":"LI"},{"name":"Litauen","code":"LT"},{"name":"Luxemburg","code":"LU"},{"name":"Malaysia","code":"MY"},{"name":"Malta","code":"MT"},{"name":"Marokko","code":"MA"},{"name":"Mexiko","code":"MX"},{"name":"Montenegro","code":"ME"},{"name":"Nepal","code":"NP"},{"name":"Neuseeland","code":"NZ"},{"name":"Nicaragua","code":"NI"},{"name":"Niederlande","code":"NL"},{"name":"Nigeria","code":"NG"},{"name":"Nordmazedonien","code":"MK"},{"name":"Norwegen","code":"NO"},{"name":"Oman","code":"OM"},{"name":"Österreich","code":"AT"},{"name":"Pakistan","code":"PK"},{"name":"Panama","code":"PA"},{"name":"Papua-Neuguinea","code":"PG"},{"name":"Paraguay","code":"PY"},{"name":"Peru","code":"PE"},{"name":"Philippinen","code":"PH"},{"name":"Polen","code":"PL"},{"name":"Portugal","code":"PT"},{"name":"Puerto Rico","code":"PR"},{"name":"Republik Moldau","code":"MD"},{"name":"Rumänien","code":"RO"},{"name":"Russland","code":"RU"},{"name":"Saudi-Arabien","code":"SA"},{"name":"Schweden","code":"SE"},{"name":"Schweiz","code":"CH"},{"name":"Senegal","code":"SN"},{"name":"Serbien","code":"RS"},{"name":"Simbabwe","code":"ZW"},{"name":"Singapur","code":"SG"},{"name":"Slowakei","code":"SK"},{"name":"Slowenien","code":"SI"},{"name":"Spanien","code":"ES"},{"name":"Sri Lanka","code":"LK"},{"name":"Südafrika","code":"ZA"},{"name":"Südkorea","code":"KR"},{"name":"Taiwan","code":"TW"},{"name":"Tansania","code":"TZ"},{"name":"Thailand","code":"TH"},{"name":"Tschechien","code":"CZ"},{"name":"Tunesien","code":"TN"},{"name":"Türkei","code":"TR"},{"name":"Uganda","code":"UG"},{"name":"Ukraine","code":"UA"},{"name":"Ungarn","code":"HU"},{"name":"Uruguay","code":"UY"},{"name":"USA","code":"US"},{"name":"Venezuela","code":"VE"},{"name":"Vereinigte Arabische Emirate","code":"AE"},{"name":"Vereinigtes Königreich","code":"GB"},{"name":"Vietnam","code":"VN"},{"name":"Zypern","code":"CY"}]