[{"name":"Αζερμπαϊτζάν","code":"AZ"},{"name":"Αίγυπτος","code":"EG"},{"name":"Αλγερία","code":"DZ"},{"name":"Αργεντινή","code":"AR"},{"name":"Αυστραλία","code":"AU"},{"name":"Αυστρία","code":"AT"},{"name":"Βέλγιο","code":"BE"},{"name":"Βενεζουέλα","code":"VE"},{"name":"Βιετνάμ","code":"VN"},{"name":"Βολιβία","code":"BO"},{"name":"Βόρεια Μακεδονία","code":"MK"},{"name":"Βοσνία και Ερζεγοβίνη","code":"BA"},{"name":"Βουλγαρία","code":"BG"},{"name":"Βραζιλία","code":"BR"},{"name":"Γαλλία","code":"FR"},{"name":"Γερμανία","code":"DE"},{"name":"Γεωργία","code":"GE"},{"name":"Γκάνα","code":"GH"},{"name":"Γουατεμάλα","code":"GT"},{"name":"Δανία","code":"DK"},{"name":"Δομινικανή Δημοκρατία","code":"DO"},{"name":"Ελ Σαλβαδόρ","code":"SV"},{"name":"Ελβετία","code":"CH"},{"name":"Ελλάδα","code":"GR"},{"name":"Εσθονία","code":"EE"},{"name":"Ζιμπάμπουε","code":"ZW"},{"name":"Ηνωμένα Αραβικά Εμιράτα","code":"AE"},{"name":"Ηνωμένες Πολιτείες","code":"US"},{"name":"Ηνωμένο Βασίλειο","code":"GB"},{"name":"Ιαπωνία","code":"JP"},{"name":"Ινδία","code":"IN"},{"name":"Ινδονησία","code":"ID"},{"name":"Ιορδανία","code":"JO"},{"name":"Ιράκ","code":"IQ"},{"name":"Ιρλανδία","code":"IE"},{"name":"Ισημερινός","code":"EC"},{"name":"Ισλανδία","code":"IS"},{"name":"Ισπανία","code":"ES"},{"name":"Ισραήλ","code":"IL"},{"name":"Ιταλία","code":"IT"},{"name":"Καζακστάν","code":"KZ"},{"name":"Καμπότζη","code":"KH"},{"name":"Καναδάς","code":"CA"},{"name":"Κατάρ","code":"QA"},{"name":"Κένυα","code":"KE"},{"name":"Κολομβία","code":"CO"},{"name":"Κόστα Ρίκα","code":"CR"},{"name":"Κουβέιτ","code":"KW"},{"name":"Κροατία","code":"HR"},{"name":"Κύπρος","code":"CY"},{"name":"Λάος","code":"LA"},{"name":"Λετονία","code":"LV"},{"name":"Λευκορωσία","code":"BY"},{"name":"Λίβανος","code":"LB"},{"name":"Λιβύη","code":"LY"},{"name":"Λιθουανία","code":"LT"},{"name":"Λιχτενστάιν","code":"LI"},{"name":"Λουξεμβούργο","code":"LU"},{"name":"Μαλαισία","code":"MY"},{"name":"Μάλτα","code":"MT"},{"name":"Μαρόκο","code":"MA"},{"name":"Μαυροβούνιο","code":"ME"},{"name":"Μεξικό","code":"MX"},{"name":"Μολδαβία","code":"MD"},{"name":"Μπαγκλαντές","code":"BD"},{"name":"Μπαχρέιν","code":"BH"},{"name":"Νέα Ζηλανδία","code":"NZ"},{"name":"Νεπάλ","code":"NP"},{"name":"Νιγηρία","code":"NG"},{"name":"Νικαράγουα","code":"NI"},{"name":"Νορβηγία","code":"NO"},{"name":"Νότια Αφρική","code":"ZA"},{"name":"Νότια Κορέα","code":"KR"},{"name":"Ολλανδία","code":"NL"},{"name":"Ομάν","code":"OM"},{"name":"Ονδούρα","code":"HN"},{"name":"Ουγγαρία","code":"HU"},{"name":"Ουγκάντα","code":"UG"},{"name":"Ουκρανία","code":"UA"},{"name":"Ουρουγουάη","code":"UY"},{"name":"Πακιστάν","code":"PK"},{"name":"Παναμάς","code":"PA"},{"name":"Παπούα Νέα Γουινέα","code":"PG"},{"name":"Παραγουάη","code":"PY"},{"name":"Περού","code":"PE"},{"name":"Πολωνία","code":"PL"},{"name":"Πορτογαλία","code":"PT"},{"name":"Πουέρτο Ρίκο","code":"PR"},{"name":"Ρουμανία","code":"RO"},{"name":"Ρωσία","code":"RU"},{"name":"Σαουδική Αραβία","code":"SA"},{"name":"Σενεγάλη","code":"SN"},{"name":"Σερβία","code":"RS"},{"name":"Σιγκαπούρη","code":"SG"},{"name":"Σλοβακία","code":"SK"},{"name":"Σλοβενία","code":"SI"},{"name":"Σουηδία","code":"SE"},{"name":"Σρι Λάνκα","code":"LK"},{"name":"Ταϊβάν","code":"TW"},{"name":"Ταϊλάνδη","code":"TH"},{"name":"Τανζανία","code":"TZ"},{"name":"Τζαμάικα","code":"JM"},{"name":"Τουρκία","code":"TR"},{"name":"Τσεχία","code":"CZ"},{"name":"Τυνησία","code":"TN"},{"name":"Υεμένη","code":"YE"},{"name":"Φιλιππίνες","code":"PH"},{"name":"Φινλανδία","code":"FI"},{"name":"Χιλή","code":"CL"},{"name":"Χονγκ Κονγκ","code":"HK"}]