[{"name":"Alžeeria","code":"DZ"},{"name":"Ameerika Ühendriigid","code":"US"},{"name":"Araabia Ühendemiraadid","code":"AE"},{"name":"Argentiina","code":"AR"},{"name":"Aserbaidžaan","code":"AZ"},{"name":"Austraalia","code":"AU"},{"name":"Austria","code":"AT"},{"name":"Bahrein","code":"BH"},{"name":"Bangladesh","code":"BD"},{"name":"Belgia","code":"BE"},{"name":"Boliivia","code":"BO"},{"name":"Bosnia ja Hertsegoviina","code":"BA"},{"name":"Brasiilia","code":"BR"},{"name":"Bulgaaria","code":"BG"},{"name":"Costa Rica","code":"CR"},{"name":"Dominikaani Vabariik","code":"DO"},{"name":"Ecuador","code":"EC"},{"name":"Eesti","code":"EE"},{"name":"Egiptus","code":"EG"},{"name":"El Salvador","code":"SV"},{"name":"Filipiinid","code":"PH"},{"name":"Ghana","code":"GH"},{"name":"Gruusia","code":"GE"},{"name":"Guatemala","code":"GT"},{"name":"Hispaania","code":"ES"},{"name":"Holland","code":"NL"},{"name":"Honduras","code":"HN"},{"name":"Hongkong","code":"HK"},{"name":"Horvaatia","code":"HR"},{"name":"Iirimaa","code":"IE"},{"name":"Iisrael","code":"IL"},{"name":"India","code":"IN"},{"name":"Indoneesia","code":"ID"},{"name":"Iraak","code":"IQ"},{"name":"Island","code":"IS"},{"name":"Itaalia","code":"IT"},{"name":"Jaapan","code":"JP"},{"name":"Jamaica","code":"JM"},{"name":"Jeemen","code":"YE"},{"name":"Jordaania","code":"JO"},{"name":"Kambodža","code":"KH"},{"name":"Kanada","code":"CA"},{"name":"Kasahstan","code":"KZ"},{"name":"Katar","code":"QA"},{"name":"Keenia","code":"KE"},{"name":"Kolumbia","code":"CO"},{"name":"Kreeka","code":"GR"},{"name":"Kuveit","code":"KW"},{"name":"Küpros","code":"CY"},{"name":"Laos","code":"LA"},{"name":"Leedu","code":"LT"},{"name":"Liechtenstein","code":"LI"},{"name":"Liibanon","code":"LB"},{"name":"Liibüa","code":"LY"},{"name":"Luksemburg","code":"LU"},{"name":"Lõuna-Aafrika","code":"ZA"},{"name":"Lõuna-Korea","code":"KR"},{"name":"Läti","code":"LV"},{"name":"Malaisia","code":"MY"},{"name":"Malta","code":"MT"},{"name":"Maroko","code":"MA"},{"name":"Mehhiko","code":"MX"},{"name":"Moldova","code":"MD"},{"name":"Montenegro","code":"ME"},{"name":"Nepal","code":"NP"},{"name":"Nicaragua","code":"NI"},{"name":"Nigeeria","code":"NG"},{"name":"Norra","code":"NO"},{"name":"Omaan","code":"OM"},{"name":"Paapua Uus-Guinea","code":"PG"},{"name":"Pakistan","code":"PK"},{"name":"Panama","code":"PA"},{"name":"Paraguay","code":"PY"},{"name":"Peruu","code":"PE"},{"name":"Poola","code":"PL"},{"name":"Portugal","code":"PT"},{"name":"Prantsusmaa","code":"FR"},{"name":"Puerto Rico","code":"PR"},{"name":"Põhja-Makedoonia","code":"MK"},{"name":"Rootsi","code":"SE"},{"name":"Rumeenia","code":"RO"},{"name":"Saksamaa","code":"DE"},{"name":"Saudi Araabia","code":"SA"},{"name":"Senegal","code":"SN"},{"name":"Serbia","code":"RS"},{"name":"Singapur","code":"SG"},{"name":"Slovakkia","code":"SK"},{"name":"Sloveenia","code":"SI"},{"name":"Soome","code":"FI"},{"name":"Sri Lanka","code":"LK"},{"name":"Šveits","code":"CH"},{"name":"Zimbabwe","code":"ZW"},{"name":"Taani","code":"DK"},{"name":"Tai","code":"TH"},{"name":"Taiwan","code":"TW"},{"name":"Tansaania","code":"TZ"},{"name":"Tšehhi","code":"CZ"},{"name":"Tšiili","code":"CL"},{"name":"Tuneesia","code":"TN"},{"name":"Türgi","code":"TR"},{"name":"Uganda","code":"UG"},{"name":"Ukraina","code":"UA"},{"name":"Ungari","code":"HU"},{"name":"Uruguay","code":"UY"},{"name":"Uus-Meremaa","code":"NZ"},{"name":"Valgevene","code":"BY"},{"name":"Venemaa","code":"RU"},{"name":"Venezuela","code":"VE"},{"name":"Vietnam","code":"VN"},{"name":"Ühendkuningriik","code":"GB"}]