[{"name":"Alemania","code":"DE"},{"name":"Aljeria","code":"DZ"},{"name":"Ameriketako Estatu Batuak","code":"US"},{"name":"Arabiar Emirerri Batuak","code":"AE"},{"name":"Argentina","code":"AR"},{"name":"Australia","code":"AU"},{"name":"Austria","code":"AT"},{"name":"Azerbaijan","code":"AZ"},{"name":"Bahrain","code":"BH"},{"name":"Bangladesh","code":"BD"},{"name":"Belgika","code":"BE"},{"name":"Bielorrusia","code":"BY"},{"name":"Bolivia","code":"BO"},{"name":"Bosnia-Herzegovina","code":"BA"},{"name":"Brasil","code":"BR"},{"name":"Bulgaria","code":"BG"},{"name":"Costa Rica","code":"CR"},{"name":"Danimarka","code":"DK"},{"name":"Dominikar Errepublika","code":"DO"},{"name":"Egipto","code":"EG"},{"name":"Ekuador","code":"EC"},{"name":"El Salvador","code":"SV"},{"name":"Erresuma Batua","code":"GB"},{"name":"Errumania","code":"RO"},{"name":"Errusia","code":"RU"},{"name":"Eslovakia","code":"SK"},{"name":"Eslovenia","code":"SI"},{"name":"Espainia","code":"ES"},{"name":"Estonia","code":"EE"},{"name":"Filipinak","code":"PH"},{"name":"Finlandia","code":"FI"},{"name":"Frantzia","code":"FR"},{"name":"Georgia","code":"GE"},{"name":"Ghana","code":"GH"},{"name":"Grezia","code":"GR"},{"name":"Guatemala","code":"GT"},{"name":"Hego Afrika","code":"ZA"},{"name":"Hego Korea","code":"KR"},{"name":"Herbehereak","code":"NL"},{"name":"Honduras","code":"HN"},{"name":"Hong Kong","code":"HK"},{"name":"Hungaria","code":"HU"},{"name":"India","code":"IN"},{"name":"Indonesia","code":"ID"},{"name":"Ipar Mazedonia","code":"MK"},{"name":"Irak","code":"IQ"},{"name":"Irlanda","code":"IE"},{"name":"Islandia","code":"IS"},{"name":"Israel","code":"IL"},{"name":"Italia","code":"IT"},{"name":"Jamaika","code":"JM"},{"name":"Japonia","code":"JP"},{"name":"Jordania","code":"JO"},{"name":"Kanada","code":"CA"},{"name":"Kanbodia","code":"KH"},{"name":"Kazakhstan","code":"KZ"},{"name":"Kenya","code":"KE"},{"name":"Kolonbia","code":"CO"},{"name":"Kroazia","code":"HR"},{"name":"Kuwait","code":"KW"},{"name":"Laos","code":"LA"},{"name":"Letonia","code":"LV"},{"name":"Libano","code":"LB"},{"name":"Libia","code":"LY"},{"name":"Liechtenstein","code":"LI"},{"name":"Lituania","code":"LT"},{"name":"Luxenburgo","code":"LU"},{"name":"Malaysia","code":"MY"},{"name":"Malta","code":"MT"},{"name":"Maroko","code":"MA"},{"name":"Mexiko","code":"MX"},{"name":"Moldavia","code":"MD"},{"name":"Montenegro","code":"ME"},{"name":"Nepal","code":"NP"},{"name":"Nigeria","code":"NG"},{"name":"Nikaragua","code":"NI"},{"name":"Norvegia","code":"NO"},{"name":"Oman","code":"OM"},{"name":"Pakistan","code":"PK"},{"name":"Panama","code":"PA"},{"name":"Papua Ginea Berria","code":"PG"},{"name":"Paraguay","code":"PY"},{"name":"Peru","code":"PE"},{"name":"Polonia","code":"PL"},{"name":"Portugal","code":"PT"},{"name":"Puerto Rico","code":"PR"},{"name":"Qatar","code":"QA"},{"name":"Saudi Arabia","code":"SA"},{"name":"Senegal","code":"SN"},{"name":"Serbia","code":"RS"},{"name":"Singapur","code":"SG"},{"name":"Sri Lanka","code":"LK"},{"name":"Suedia","code":"SE"},{"name":"Suitza","code":"CH"},{"name":"Taiwan","code":"TW"},{"name":"Tanzania","code":"TZ"},{"name":"Thailandia","code":"TH"},{"name":"Tunisia","code":"TN"},{"name":"Turkia","code":"TR"},{"name":"Txekia","code":"CZ"},{"name":"Txile","code":"CL"},{"name":"Uganda","code":"UG"},{"name":"Ukraina","code":"UA"},{"name":"Uruguai","code":"UY"},{"name":"Venezuela","code":"VE"},{"name":"Vietnam","code":"VN"},{"name":"Yemen","code":"YE"},{"name":"Zeelanda Berria","code":"NZ"},{"name":"Zimbabwe","code":"ZW"},{"name":"Zipre","code":"CY"}]