[{"name":"Acerbaixán","code":"AZ"},{"name":"Alemaña","code":"DE"},{"name":"Alxeria","code":"DZ"},{"name":"Arabia Saudita","code":"SA"},{"name":"Arxentina","code":"AR"},{"name":"Australia","code":"AU"},{"name":"Austria","code":"AT"},{"name":"Bahrein","code":"BH"},{"name":"Bangladesh","code":"BD"},{"name":"Bélxica","code":"BE"},{"name":"Bielorrusia","code":"BY"},{"name":"Bolivia","code":"BO"},{"name":"Bosnia e Herzegovina","code":"BA"},{"name":"Brasil","code":"BR"},{"name":"Bulgaria","code":"BG"},{"name":"Camboxa","code":"KH"},{"name":"Canadá","code":"CA"},{"name":"Casaquistán","code":"KZ"},{"name":"Chequia","code":"CZ"},{"name":"Chile","code":"CL"},{"name":"Chipre","code":"CY"},{"name":"Cimbabue","code":"ZW"},{"name":"Colombia","code":"CO"},{"name":"Corea do Sur","code":"KR"},{"name":"Costa Rica","code":"CR"},{"name":"Croacia","code":"HR"},{"name":"Dinamarca","code":"DK"},{"name":"Ecuador","code":"EC"},{"name":"Emiratos Árabes Unidos","code":"AE"},{"name":"Eslovaquia","code":"SK"},{"name":"Eslovenia","code":"SI"},{"name":"España","code":"ES"},{"name":"Estados Unidos","code":"US"},{"name":"Estonia","code":"EE"},{"name":"Exipto","code":"EG"},{"name":"Filipinas","code":"PH"},{"name":"Finlandia","code":"FI"},{"name":"Francia","code":"FR"},{"name":"Ghana","code":"GH"},{"name":"Grecia","code":"GR"},{"name":"Guatemala","code":"GT"},{"name":"Honduras","code":"HN"},{"name":"Hong Kong","code":"HK"},{"name":"Hungría","code":"HU"},{"name":"Iemen","code":"YE"},{"name":"India","code":"IN"},{"name":"Indonesia","code":"ID"},{"name":"Iraq","code":"IQ"},{"name":"Irlanda","code":"IE"},{"name":"Islandia","code":"IS"},{"name":"Israel","code":"IL"},{"name":"Italia","code":"IT"},{"name":"Kenya","code":"KE"},{"name":"Kuwait","code":"KW"},{"name":"Laos","code":"LA"},{"name":"Letonia","code":"LV"},{"name":"Líbano","code":"LB"},{"name":"Libia","code":"LY"},{"name":"Liechtenstein","code":"LI"},{"name":"Lituania","code":"LT"},{"name":"Luxemburgo","code":"LU"},{"name":"Macedonia do Norte","code":"MK"},{"name":"Malaisia","code":"MY"},{"name":"Malta","code":"MT"},{"name":"Marrocos","code":"MA"},{"name":"México","code":"MX"},{"name":"Moldova","code":"MD"},{"name":"Montenegro","code":"ME"},{"name":"Nepal","code":"NP"},{"name":"Nicaragua","code":"NI"},{"name":"Nixeria","code":"NG"},{"name":"Noruega","code":"NO"},{"name":"Nova Zelandia","code":"NZ"},{"name":"O Salvador","code":"SV"},{"name":"Omán","code":"OM"},{"name":"Países Baixos","code":"NL"},{"name":"Panamá","code":"PA"},{"name":"Papúa Nova Guinea","code":"PG"},{"name":"Paquistán","code":"PK"},{"name":"Paraguai","code":"PY"},{"name":"Perú","code":"PE"},{"name":"Polonia","code":"PL"},{"name":"Porto Rico","code":"PR"},{"name":"Portugal","code":"PT"},{"name":"Qatar","code":"QA"},{"name":"Reino Unido","code":"GB"},{"name":"República Dominicana","code":"DO"},{"name":"Romanía","code":"RO"},{"name":"Rusia","code":"RU"},{"name":"Senegal","code":"SN"},{"name":"Serbia","code":"RS"},{"name":"Singapur","code":"SG"},{"name":"Sri Lanka","code":"LK"},{"name":"Sudáfrica","code":"ZA"},{"name":"Suecia","code":"SE"},{"name":"Suíza","code":"CH"},{"name":"Tailandia","code":"TH"},{"name":"Taiwán","code":"TW"},{"name":"Tanzania","code":"TZ"},{"name":"Tunisia","code":"TN"},{"name":"Turquía","code":"TR"},{"name":"Ucraína","code":"UA"},{"name":"Uganda","code":"UG"},{"name":"Uruguai","code":"UY"},{"name":"Venezuela","code":"VE"},{"name":"Vietnam","code":"VN"},{"name":"Xamaica","code":"JM"},{"name":"Xapón","code":"JP"},{"name":"Xeorxia","code":"GE"},{"name":"Xordania","code":"JO"}]