[{"name":"Alžir","code":"DZ"},{"name":"Argentina","code":"AR"},{"name":"Australija","code":"AU"},{"name":"Austrija","code":"AT"},{"name":"Azerbajdžan","code":"AZ"},{"name":"Bahrein","code":"BH"},{"name":"Bangladeš","code":"BD"},{"name":"Belgija","code":"BE"},{"name":"Bjelorusija","code":"BY"},{"name":"Bolivija","code":"BO"},{"name":"Bosna i Hercegovina","code":"BA"},{"name":"Brazil","code":"BR"},{"name":"Bugarska","code":"BG"},{"name":"Cipar","code":"CY"},{"name":"Crna Gora","code":"ME"},{"name":"Češka","code":"CZ"},{"name":"Čile","code":"CL"},{"name":"Danska","code":"DK"},{"name":"Dominikanska Republika","code":"DO"},{"name":"Egipat","code":"EG"},{"name":"Ekvador","code":"EC"},{"name":"Estonija","code":"EE"},{"name":"Filipini","code":"PH"},{"name":"Finska","code":"FI"},{"name":"Francuska","code":"FR"},{"name":"Gana","code":"GH"},{"name":"Grčka","code":"GR"},{"name":"Gruzija","code":"GE"},{"name":"Gvatemala","code":"GT"},{"name":"Honduras","code":"HN"},{"name":"Hong Kong","code":"HK"},{"name":"Hrvatska","code":"HR"},{"name":"Indija","code":"IN"},{"name":"Indonezija","code":"ID"},{"name":"Irak","code":"IQ"},{"name":"Irska","code":"IE"},{"name":"Island","code":"IS"},{"name":"Italija","code":"IT"},{"name":"Izrael","code":"IL"},{"name":"Jamajka","code":"JM"},{"name":"Japan","code":"JP"},{"name":"Jemen","code":"YE"},{"name":"Jordan","code":"JO"},{"name":"Južna Afrika","code":"ZA"},{"name":"Južna Koreja","code":"KR"},{"name":"Kambodža","code":"KH"},{"name":"Kanada","code":"CA"},{"name":"Katar","code":"QA"},{"name":"Kazahstan","code":"KZ"},{"name":"Kenija","code":"KE"},{"name":"Kolumbija","code":"CO"},{"name":"Kostarika","code":"CR"},{"name":"Kuvajt","code":"KW"},{"name":"Laos","code":"LA"},{"name":"Latvija","code":"LV"},{"name":"Libanon","code":"LB"},{"name":"Libija","code":"LY"},{"name":"Lihtenštajn","code":"LI"},{"name":"Litva","code":"LT"},{"name":"Luksemburg","code":"LU"},{"name":"Mađarska","code":"HU"},{"name":"Malezija","code":"MY"},{"name":"Malta","code":"MT"},{"name":"Maroko","code":"MA"},{"name":"Meksiko","code":"MX"},{"name":"Moldavija","code":"MD"},{"name":"Nepal","code":"NP"},{"name":"Nigerija","code":"NG"},{"name":"Nikaragva","code":"NI"},{"name":"Nizozemska","code":"NL"},{"name":"Norveška","code":"NO"},{"name":"Novi Zeland","code":"NZ"},{"name":"Njemačka","code":"DE"},{"name":"Oman","code":"OM"},{"name":"Pakistan","code":"PK"},{"name":"Panama","code":"PA"},{"name":"Papua Nova Gvineja","code":"PG"},{"name":"Paragvaj","code":"PY"},{"name":"Peru","code":"PE"},{"name":"Poljska","code":"PL"},{"name":"Portoriko","code":"PR"},{"name":"Portugal","code":"PT"},{"name":"Rumunjska","code":"RO"},{"name":"Rusija","code":"RU"},{"name":"Salvador","code":"SV"},{"name":"Saudijska Arabija","code":"SA"},{"name":"Senegal","code":"SN"},{"name":"Singapur","code":"SG"},{"name":"Sjedinjene Američke Države","code":"US"},{"name":"Sjeverna Makedonija","code":"MK"},{"name":"Slovačka","code":"SK"},{"name":"Slovenija","code":"SI"},{"name":"Srbija","code":"RS"},{"name":"Španjolska","code":"ES"},{"name":"Šri Lanka","code":"LK"},{"name":"Švedska","code":"SE"},{"name":"Švicarska","code":"CH"},{"name":"Tajland","code":"TH"},{"name":"Tajvan","code":"TW"},{"name":"Tanzanija","code":"TZ"},{"name":"Tunis","code":"TN"},{"name":"Turska","code":"TR"},{"name":"Uganda","code":"UG"},{"name":"Ujedinjeni Arapski Emirati","code":"AE"},{"name":"Ujedinjeno Kraljevstvo","code":"GB"},{"name":"Ukrajina","code":"UA"},{"name":"Urugvaj","code":"UY"},{"name":"Venezuela","code":"VE"},{"name":"Vijetnam","code":"VN"},{"name":"Zimbabve","code":"ZW"}]