[{"name":"Alsír","code":"DZ"},{"name":"Argentína","code":"AR"},{"name":"Aserbaídsjan","code":"AZ"},{"name":"Austurríki","code":"AT"},{"name":"Ástralía","code":"AU"},{"name":"Bandaríkin","code":"US"},{"name":"Bangladess","code":"BD"},{"name":"Barein","code":"BH"},{"name":"Belgía","code":"BE"},{"name":"Bosnía og Hersegóvína","code":"BA"},{"name":"Bólivía","code":"BO"},{"name":"Brasilía","code":"BR"},{"name":"Bretland","code":"GB"},{"name":"Búlgaría","code":"BG"},{"name":"Danmörk","code":"DK"},{"name":"Dóminíska lýðveldið","code":"DO"},{"name":"Egyptaland","code":"EG"},{"name":"Eistland","code":"EE"},{"name":"Ekvador","code":"EC"},{"name":"El Salvador","code":"SV"},{"name":"Filippseyjar","code":"PH"},{"name":"Finnland","code":"FI"},{"name":"Frakkland","code":"FR"},{"name":"Gana","code":"GH"},{"name":"Georgía","code":"GE"},{"name":"Grikkland","code":"GR"},{"name":"Gvatemala","code":"GT"},{"name":"Holland","code":"NL"},{"name":"Hondúras","code":"HN"},{"name":"Hong Kong","code":"HK"},{"name":"Hvíta-Rússland","code":"BY"},{"name":"Indland","code":"IN"},{"name":"Indónesía","code":"ID"},{"name":"Írak","code":"IQ"},{"name":"Írland","code":"IE"},{"name":"Ísland","code":"IS"},{"name":"Ísrael","code":"IL"},{"name":"Ítalía","code":"IT"},{"name":"Jamaíka","code":"JM"},{"name":"Japan","code":"JP"},{"name":"Jemen","code":"YE"},{"name":"Jórdanía","code":"JO"},{"name":"Kambódía","code":"KH"},{"name":"Kanada","code":"CA"},{"name":"Kasakstan","code":"KZ"},{"name":"Katar","code":"QA"},{"name":"Kenía","code":"KE"},{"name":"Kosta Ríka","code":"CR"},{"name":"Kólumbía","code":"CO"},{"name":"Króatía","code":"HR"},{"name":"Kúveit","code":"KW"},{"name":"Kýpur","code":"CY"},{"name":"Laos","code":"LA"},{"name":"Lettland","code":"LV"},{"name":"Liechtenstein","code":"LI"},{"name":"Litháen","code":"LT"},{"name":"Líbanon","code":"LB"},{"name":"Líbía","code":"LY"},{"name":"Lúxemborg","code":"LU"},{"name":"Malasía","code":"MY"},{"name":"Malta","code":"MT"},{"name":"Marokkó","code":"MA"},{"name":"Mexíkó","code":"MX"},{"name":"Moldóva","code":"MD"},{"name":"Nepal","code":"NP"},{"name":"Nígería","code":"NG"},{"name":"Níkaragva","code":"NI"},{"name":"Norður-Makedónía","code":"MK"},{"name":"Noregur","code":"NO"},{"name":"Nýja-Sjáland","code":"NZ"},{"name":"Óman","code":"OM"},{"name":"Pakistan","code":"PK"},{"name":"Panama","code":"PA"},{"name":"Papúa Nýja-Gínea","code":"PG"},{"name":"Paragvæ","code":"PY"},{"name":"Perú","code":"PE"},{"name":"Portúgal","code":"PT"},{"name":"Pólland","code":"PL"},{"name":"Púertó Ríkó","code":"PR"},{"name":"Rúmenía","code":"RO"},{"name":"Rússland","code":"RU"},{"name":"Sameinuðu arabísku furstadæmin","code":"AE"},{"name":"Sádi-Arabía","code":"SA"},{"name":"Senegal","code":"SN"},{"name":"Serbía","code":"RS"},{"name":"Simbabve","code":"ZW"},{"name":"Singapúr","code":"SG"},{"name":"Síle","code":"CL"},{"name":"Slóvakía","code":"SK"},{"name":"Slóvenía","code":"SI"},{"name":"Spánn","code":"ES"},{"name":"Srí Lanka","code":"LK"},{"name":"Suður-Afríka","code":"ZA"},{"name":"Suður-Kórea","code":"KR"},{"name":"Svartfjallaland","code":"ME"},{"name":"Sviss","code":"CH"},{"name":"Svíþjóð","code":"SE"},{"name":"Taívan","code":"TW"},{"name":"Tansanía","code":"TZ"},{"name":"Tékkland","code":"CZ"},{"name":"Túnis","code":"TN"},{"name":"Tyrkland","code":"TR"},{"name":"Tæland","code":"TH"},{"name":"Ungverjaland","code":"HU"},{"name":"Úganda","code":"UG"},{"name":"Úkraína","code":"UA"},{"name":"Úrúgvæ","code":"UY"},{"name":"Venesúela","code":"VE"},{"name":"Víetnam","code":"VN"},{"name":"Þýskaland","code":"DE"}]