[{"name":"Algeria","code":"DZ"},{"name":"Arabia Saudita","code":"SA"},{"name":"Argentina","code":"AR"},{"name":"Australia","code":"AU"},{"name":"Austria","code":"AT"},{"name":"Azerbaigian","code":"AZ"},{"name":"Bahrein","code":"BH"},{"name":"Bangladesh","code":"BD"},{"name":"Belgio","code":"BE"},{"name":"Bielorussia","code":"BY"},{"name":"Bolivia","code":"BO"},{"name":"Bosnia-Erzegovina","code":"BA"},{"name":"Brasile","code":"BR"},{"name":"Bulgaria","code":"BG"},{"name":"Cambogia","code":"KH"},{"name":"Canada","code":"CA"},{"name":"Cile","code":"CL"},{"name":"Cipro","code":"CY"},{"name":"Colombia","code":"CO"},{"name":"Corea del Sud","code":"KR"},{"name":"Costa Rica","code":"CR"},{"name":"Croazia","code":"HR"},{"name":"Danimarca","code":"DK"},{"name":"Ecuador","code":"EC"},{"name":"Egitto","code":"EG"},{"name":"El Salvador","code":"SV"},{"name":"Emirati Arabi Uniti","code":"AE"},{"name":"Estonia","code":"EE"},{"name":"Filippine","code":"PH"},{"name":"Finlandia","code":"FI"},{"name":"Francia","code":"FR"},{"name":"Georgia","code":"GE"},{"name":"Germania","code":"DE"},{"name":"Ghana","code":"GH"},{"name":"Giamaica","code":"JM"},{"name":"Giappone","code":"JP"},{"name":"Giordania","code":"JO"},{"name":"Grecia","code":"GR"},{"name":"Guatemala","code":"GT"},{"name":"Honduras","code":"HN"},{"name":"Hong Kong","code":"HK"},{"name":"India","code":"IN"},{"name":"Indonesia","code":"ID"},{"name":"Iraq","code":"IQ"},{"name":"Irlanda","code":"IE"},{"name":"Islanda","code":"IS"},{"name":"Israele","code":"IL"},{"name":"Italia","code":"IT"},{"name":"Kazakistan","code":"KZ"},{"name":"Kenya","code":"KE"},{"name":"Kuwait","code":"KW"},{"name":"Laos","code":"LA"},{"name":"Lettonia","code":"LV"},{"name":"Libano","code":"LB"},{"name":"Libia","code":"LY"},{"name":"Liechtenstein","code":"LI"},{"name":"Lituania","code":"LT"},{"name":"Lussemburgo","code":"LU"},{"name":"Macedonia del Nord","code":"MK"},{"name":"Malesia","code":"MY"},{"name":"Malta","code":"MT"},{"name":"Marocco","code":"MA"},{"name":"Messico","code":"MX"},{"name":"Moldavia","code":"MD"},{"name":"Montenegro","code":"ME"},{"name":"Nepal","code":"NP"},{"name":"Nicaragua","code":"NI"},{"name":"Nigeria","code":"NG"},{"name":"Norvegia","code":"NO"},{"name":"Nuova Zelanda","code":"NZ"},{"name":"Oman","code":"OM"},{"name":"Paesi Bassi","code":"NL"},{"name":"Pakistan","code":"PK"},{"name":"Panama","code":"PA"},{"name":"Papua Nuova Guinea","code":"PG"},{"name":"Paraguay","code":"PY"},{"name":"Perù","code":"PE"},{"name":"Polonia","code":"PL"},{"name":"Portogallo","code":"PT"},{"name":"Portorico","code":"PR"},{"name":"Qatar","code":"QA"},{"name":"Regno Unito","code":"GB"},{"name":"Repubblica Ceca","code":"CZ"},{"name":"Repubblica Dominicana","code":"DO"},{"name":"Romania","code":"RO"},{"name":"Russia","code":"RU"},{"name":"Senegal","code":"SN"},{"name":"Serbia","code":"RS"},{"name":"Singapore","code":"SG"},{"name":"Slovacchia","code":"SK"},{"name":"Slovenia","code":"SI"},{"name":"Spagna","code":"ES"},{"name":"Sri Lanka","code":"LK"},{"name":"Stati Uniti","code":"US"},{"name":"Sudafrica","code":"ZA"},{"name":"Svezia","code":"SE"},{"name":"Svizzera","code":"CH"},{"name":"Taiwan","code":"TW"},{"name":"Tanzania","code":"TZ"},{"name":"Thailandia","code":"TH"},{"name":"Tunisia","code":"TN"},{"name":"Turchia","code":"TR"},{"name":"Ucraina","code":"UA"},{"name":"Uganda","code":"UG"},{"name":"Ungheria","code":"HU"},{"name":"Uruguay","code":"UY"},{"name":"Venezuela","code":"VE"},{"name":"Vietnam","code":"VN"},{"name":"Yemen","code":"YE"},{"name":"Zimbabwe","code":"ZW"}]