[{"name":"アイスランド","code":"IS"},{"name":"アイルランド","code":"IE"},{"name":"アゼルバイジャン","code":"AZ"},{"name":"アメリカ","code":"US"},{"name":"アラブ首長国連邦","code":"AE"},{"name":"アルジェリア","code":"DZ"},{"name":"アルゼンチン","code":"AR"},{"name":"イエメン","code":"YE"},{"name":"イギリス","code":"GB"},{"name":"イスラエル","code":"IL"},{"name":"イタリア","code":"IT"},{"name":"イラク","code":"IQ"},{"name":"インド","code":"IN"},{"name":"インドネシア","code":"ID"},{"name":"ウガンダ","code":"UG"},{"name":"ウクライナ","code":"UA"},{"name":"ウルグアイ共和国","code":"UY"},{"name":"エクアドル共和国","code":"EC"},{"name":"エジプト","code":"EG"},{"name":"エストニア","code":"EE"},{"name":"エルサルバドル共和国","code":"SV"},{"name":"オーストラリア","code":"AU"},{"name":"オーストリア","code":"AT"},{"name":"オマーン","code":"OM"},{"name":"オランダ","code":"NL"},{"name":"ガーナ","code":"GH"},{"name":"カザフスタン","code":"KZ"},{"name":"カタール","code":"QA"},{"name":"カナダ","code":"CA"},{"name":"カンボジア国","code":"KH"},{"name":"キプロス共和国","code":"CY"},{"name":"ギリシャ","code":"GR"},{"name":"グァテマラ共和国","code":"GT"},{"name":"クウェート","code":"KW"},{"name":"クロアチア","code":"HR"},{"name":"ケニア","code":"KE"},{"name":"コスタリカ共和国","code":"CR"},{"name":"コロンビア","code":"CO"},{"name":"サウジアラビア","code":"SA"},{"name":"ジャマイカ","code":"JM"},{"name":"ジョージア","code":"GE"},{"name":"シンガポール","code":"SG"},{"name":"ジンバブエ","code":"ZW"},{"name":"スイス","code":"CH"},{"name":"スウェーデン","code":"SE"},{"name":"スペイン","code":"ES"},{"name":"スリランカ","code":"LK"},{"name":"スロバキア","code":"SK"},{"name":"スロベニア","code":"SI"},{"name":"セネガル","code":"SN"},{"name":"セルビア","code":"RS"},{"name":"タイ","code":"TH"},{"name":"タンザニア","code":"TZ"},{"name":"チェコ","code":"CZ"},{"name":"チュニジア","code":"TN"},{"name":"チリ","code":"CL"},{"name":"デンマーク","code":"DK"},{"name":"ドイツ","code":"DE"},{"name":"ドミニカ共和国","code":"DO"},{"name":"トルコ","code":"TR"},{"name":"ナイジェリア","code":"NG"},{"name":"ニカラグア共和国","code":"NI"},{"name":"ニュージーランド","code":"NZ"},{"name":"ネパール","code":"NP"},{"name":"ノルウェー","code":"NO"},{"name":"バーレーン","code":"BH"},{"name":"パキスタン","code":"PK"},{"name":"パナマ共和国","code":"PA"},{"name":"パプア　ニューギニア","code":"PG"},{"name":"パラグアイ共和国","code":"PY"},{"name":"ハンガリー","code":"HU"},{"name":"バングラディッシュ人民共和国","code":"BD"},{"name":"フィリピン","code":"PH"},{"name":"フィンランド","code":"FI"},{"name":"プエルトリコ","code":"PR"},{"name":"ブラジル","code":"BR"},{"name":"フランス","code":"FR"},{"name":"ブルガリア","code":"BG"},{"name":"ベトナム","code":"VN"},{"name":"ベネズエラ共和国","code":"VE"},{"name":"ベラルーシ","code":"BY"},{"name":"ペルー","code":"PE"},{"name":"ベルギー","code":"BE"},{"name":"ポーランド","code":"PL"},{"name":"ボスニア ヘルツェゴビナ","code":"BA"},{"name":"ボリビア共和国","code":"BO"},{"name":"ポルトガル","code":"PT"},{"name":"ホンジュラス共和国","code":"HN"},{"name":"マルタ","code":"MT"},{"name":"マレーシア","code":"MY"},{"name":"メキシコ","code":"MX"},{"name":"モルドバ共和国","code":"MD"},{"name":"モロッコ","code":"MA"},{"name":"モンテネグロ","code":"ME"},{"name":"ヨルダン","code":"JO"},{"name":"ラオス","code":"LA"},{"name":"ラトビア","code":"LV"},{"name":"リトアニア","code":"LT"},{"name":"リビア","code":"LY"},{"name":"リヒテンシュタイン公国","code":"LI"},{"name":"ルーマニア","code":"RO"},{"name":"ルクセンブルグ","code":"LU"},{"name":"レバノン","code":"LB"},{"name":"ロシア","code":"RU"},{"name":"韓国","code":"KR"},{"name":"香港","code":"HK"},{"name":"台湾","code":"TW"},{"name":"南アフリカ","code":"ZA"},{"name":"日本","code":"JP"},{"name":"北マケドニア","code":"MK"}]