[{"name":"가나","code":"GH"},{"name":"과테말라","code":"GT"},{"name":"그루지아","code":"GE"},{"name":"그리스","code":"GR"},{"name":"나이지리아","code":"NG"},{"name":"남아프리카","code":"ZA"},{"name":"네덜란드","code":"NL"},{"name":"네팔","code":"NP"},{"name":"노르웨이","code":"NO"},{"name":"뉴질랜드","code":"NZ"},{"name":"니카라과","code":"NI"},{"name":"대만","code":"TW"},{"name":"덴마크","code":"DK"},{"name":"도미니카 공화국","code":"DO"},{"name":"독일","code":"DE"},{"name":"라오스","code":"LA"},{"name":"라트비아","code":"LV"},{"name":"러시아","code":"RU"},{"name":"레바논","code":"LB"},{"name":"루마니아","code":"RO"},{"name":"룩셈부르크","code":"LU"},{"name":"리비아","code":"LY"},{"name":"리투아니아","code":"LT"},{"name":"리히텐슈타인","code":"LI"},{"name":"말레이시아","code":"MY"},{"name":"멕시코","code":"MX"},{"name":"모로코","code":"MA"},{"name":"몬테네그로","code":"ME"},{"name":"몰도바","code":"MD"},{"name":"몰타","code":"MT"},{"name":"미국","code":"US"},{"name":"바레인","code":"BH"},{"name":"방글라데시","code":"BD"},{"name":"베네수엘라","code":"VE"},{"name":"베트남","code":"VN"},{"name":"벨기에","code":"BE"},{"name":"벨로루시","code":"BY"},{"name":"보스니아-헤르체코비나","code":"BA"},{"name":"볼리비아","code":"BO"},{"name":"북마케도니아","code":"MK"},{"name":"불가리아","code":"BG"},{"name":"브라질","code":"BR"},{"name":"사우디아라비아","code":"SA"},{"name":"사이프러스","code":"CY"},{"name":"세네갈","code":"SN"},{"name":"세르비아","code":"RS"},{"name":"스리랑카","code":"LK"},{"name":"스웨덴","code":"SE"},{"name":"스위스","code":"CH"},{"name":"스페인","code":"ES"},{"name":"슬로바키아","code":"SK"},{"name":"슬로베니아","code":"SI"},{"name":"싱가포르","code":"SG"},{"name":"아랍 에미레이트","code":"AE"},{"name":"아르헨티나","code":"AR"},{"name":"아이슬란드","code":"IS"},{"name":"아일랜드","code":"IE"},{"name":"아제르바이잔","code":"AZ"},{"name":"알제리","code":"DZ"},{"name":"에스토니아","code":"EE"},{"name":"에콰도르","code":"EC"},{"name":"엘살바도르","code":"SV"},{"name":"영국","code":"GB"},{"name":"예멘","code":"YE"},{"name":"오만","code":"OM"},{"name":"오스트리아","code":"AT"},{"name":"온두라스","code":"HN"},{"name":"요르단","code":"JO"},{"name":"우간다","code":"UG"},{"name":"우루과이","code":"UY"},{"name":"우크라이나","code":"UA"},{"name":"이라크","code":"IQ"},{"name":"이스라엘","code":"IL"},{"name":"이집트","code":"EG"},{"name":"이탈리아","code":"IT"},{"name":"인도","code":"IN"},{"name":"인도네시아","code":"ID"},{"name":"일본","code":"JP"},{"name":"자메이카","code":"JM"},{"name":"짐바브웨","code":"ZW"},{"name":"체코","code":"CZ"},{"name":"칠레","code":"CL"},{"name":"카자흐스탄","code":"KZ"},{"name":"카타르","code":"QA"},{"name":"캄보디아","code":"KH"},{"name":"캐나다","code":"CA"},{"name":"케냐","code":"KE"},{"name":"코스타리카","code":"CR"},{"name":"콜롬비아","code":"CO"},{"name":"쿠웨이트","code":"KW"},{"name":"크로아티아","code":"HR"},{"name":"탄자니아","code":"TZ"},{"name":"태국","code":"TH"},{"name":"터키","code":"TR"},{"name":"튀니지","code":"TN"},{"name":"파나마","code":"PA"},{"name":"파라과이","code":"PY"},{"name":"파키스탄","code":"PK"},{"name":"파푸아 뉴기니","code":"PG"},{"name":"페루","code":"PE"},{"name":"포르투갈","code":"PT"},{"name":"폴란드","code":"PL"},{"name":"푸에르토리코","code":"PR"},{"name":"프랑스","code":"FR"},{"name":"핀란드","code":"FI"},{"name":"필리핀","code":"PH"},{"name":"한국","code":"KR"},{"name":"헝가리","code":"HU"},{"name":"호주","code":"AU"},{"name":"홍콩","code":"HK"}]