[{"name":"Airija","code":"IE"},{"name":"Alžyras","code":"DZ"},{"name":"Argentina","code":"AR"},{"name":"Australija","code":"AU"},{"name":"Austrija","code":"AT"},{"name":"Azerbaidžanas","code":"AZ"},{"name":"Bahreinas","code":"BH"},{"name":"Baltarusija","code":"BY"},{"name":"Bangladešas","code":"BD"},{"name":"Belgija","code":"BE"},{"name":"Bolivija","code":"BO"},{"name":"Bosnija ir Hercegovina","code":"BA"},{"name":"Brazilija","code":"BR"},{"name":"Bulgarija","code":"BG"},{"name":"Čekija","code":"CZ"},{"name":"Čilė","code":"CL"},{"name":"Danija","code":"DK"},{"name":"Dominikos Respublika","code":"DO"},{"name":"Egiptas","code":"EG"},{"name":"Ekvadoras","code":"EC"},{"name":"Estija","code":"EE"},{"name":"Filipinai","code":"PH"},{"name":"Gana","code":"GH"},{"name":"Graikija","code":"GR"},{"name":"Gruzija","code":"GE"},{"name":"Gvatemala","code":"GT"},{"name":"Hondūras","code":"HN"},{"name":"Honkongas","code":"HK"},{"name":"Indija","code":"IN"},{"name":"Indonezija","code":"ID"},{"name":"Irakas","code":"IQ"},{"name":"Islandija","code":"IS"},{"name":"Ispanija","code":"ES"},{"name":"Italija","code":"IT"},{"name":"Izraelis","code":"IL"},{"name":"Jamaika","code":"JM"},{"name":"Japonija","code":"JP"},{"name":"Jemenas","code":"YE"},{"name":"Jordanija","code":"JO"},{"name":"Jungtinė Karalystė","code":"GB"},{"name":"Jungtinės Amerikos Valstijos","code":"US"},{"name":"Jungtiniai Arabų Emyratai","code":"AE"},{"name":"Juodkalnija","code":"ME"},{"name":"Kambodža","code":"KH"},{"name":"Kanada","code":"CA"},{"name":"Kataras","code":"QA"},{"name":"Kazachstanas","code":"KZ"},{"name":"Kenija","code":"KE"},{"name":"Kipras","code":"CY"},{"name":"Kolumbija","code":"CO"},{"name":"Kosta Rika","code":"CR"},{"name":"Kroatija","code":"HR"},{"name":"Kuveitas","code":"KW"},{"name":"Laosas","code":"LA"},{"name":"Latvija","code":"LV"},{"name":"Lenkija","code":"PL"},{"name":"Libanas","code":"LB"},{"name":"Libija","code":"LY"},{"name":"Lichtenšteinas","code":"LI"},{"name":"Lietuva","code":"LT"},{"name":"Liuksemburgas","code":"LU"},{"name":"Malaizija","code":"MY"},{"name":"Malta","code":"MT"},{"name":"Marokas","code":"MA"},{"name":"Meksika","code":"MX"},{"name":"Moldova","code":"MD"},{"name":"Naujoji Zelandija","code":"NZ"},{"name":"Nepalas","code":"NP"},{"name":"Nyderlandai","code":"NL"},{"name":"Nigerija","code":"NG"},{"name":"Nikaragva","code":"NI"},{"name":"Norvegija","code":"NO"},{"name":"Omanas","code":"OM"},{"name":"Pakistanas","code":"PK"},{"name":"Panama","code":"PA"},{"name":"Papua Naujoji Gvinėja","code":"PG"},{"name":"Paragvajus","code":"PY"},{"name":"Peru","code":"PE"},{"name":"Pietų Afrika","code":"ZA"},{"name":"Pietų Korėja","code":"KR"},{"name":"Portugalija","code":"PT"},{"name":"Prancūzija","code":"FR"},{"name":"Puerto Rikas","code":"PR"},{"name":"Rumunija","code":"RO"},{"name":"Rusija","code":"RU"},{"name":"Salvadoras","code":"SV"},{"name":"Saudo Arabija","code":"SA"},{"name":"Senegalas","code":"SN"},{"name":"Serbija","code":"RS"},{"name":"Singapūras","code":"SG"},{"name":"Slovakija","code":"SK"},{"name":"Slovėnija","code":"SI"},{"name":"Suomija","code":"FI"},{"name":"Šiaurės Makedonija","code":"MK"},{"name":"Šri Lanka","code":"LK"},{"name":"Švedija","code":"SE"},{"name":"Šveicarija","code":"CH"},{"name":"Tailandas","code":"TH"},{"name":"Taivanis","code":"TW"},{"name":"Tanzanija","code":"TZ"},{"name":"Tunisas","code":"TN"},{"name":"Turkija","code":"TR"},{"name":"Uganda","code":"UG"},{"name":"Ukraina","code":"UA"},{"name":"Urugvajus","code":"UY"},{"name":"Venesuela","code":"VE"},{"name":"Vengrija","code":"HU"},{"name":"Vietnamas","code":"VN"},{"name":"Vokietija","code":"DE"},{"name":"Zimbabvė","code":"ZW"}]