[{"name":"Algerie","code":"DZ"},{"name":"Argentina","code":"AR"},{"name":"Aserbajdsjan","code":"AZ"},{"name":"Australia","code":"AU"},{"name":"Bahrain","code":"BH"},{"name":"Bangladesh","code":"BD"},{"name":"Belarus","code":"BY"},{"name":"Belgia","code":"BE"},{"name":"Bolivia","code":"BO"},{"name":"Bosnia-Hercegovina","code":"BA"},{"name":"Brasil","code":"BR"},{"name":"Bulgaria","code":"BG"},{"name":"Canada","code":"CA"},{"name":"Chile","code":"CL"},{"name":"Colombia","code":"CO"},{"name":"Costa Rica","code":"CR"},{"name":"Danmark","code":"DK"},{"name":"De forente arabiske emirater","code":"AE"},{"name":"Den dominikanske republikk","code":"DO"},{"name":"Ecuador","code":"EC"},{"name":"Egypt","code":"EG"},{"name":"El Salvador","code":"SV"},{"name":"Estland","code":"EE"},{"name":"Filippinene","code":"PH"},{"name":"Finland","code":"FI"},{"name":"Frankrike","code":"FR"},{"name":"Georgia","code":"GE"},{"name":"Ghana","code":"GH"},{"name":"Guatemala","code":"GT"},{"name":"Hellas","code":"GR"},{"name":"Honduras","code":"HN"},{"name":"Hongkong","code":"HK"},{"name":"India","code":"IN"},{"name":"Indonesia","code":"ID"},{"name":"Irak","code":"IQ"},{"name":"Irland","code":"IE"},{"name":"Island","code":"IS"},{"name":"Israel","code":"IL"},{"name":"Italia","code":"IT"},{"name":"Jamaica","code":"JM"},{"name":"Japan","code":"JP"},{"name":"Jemen","code":"YE"},{"name":"Jordan","code":"JO"},{"name":"Kambodsja","code":"KH"},{"name":"Kasakhstan","code":"KZ"},{"name":"Kenya","code":"KE"},{"name":"Kroatia","code":"HR"},{"name":"Kuwait","code":"KW"},{"name":"Kypros","code":"CY"},{"name":"Laos","code":"LA"},{"name":"Latvia","code":"LV"},{"name":"Libanon","code":"LB"},{"name":"Libya","code":"LY"},{"name":"Liechtenstein","code":"LI"},{"name":"Litauen","code":"LT"},{"name":"Luxembourg","code":"LU"},{"name":"Malaysia","code":"MY"},{"name":"Malta","code":"MT"},{"name":"Marokko","code":"MA"},{"name":"Mexico","code":"MX"},{"name":"Moldova","code":"MD"},{"name":"Montenegro","code":"ME"},{"name":"Nederland","code":"NL"},{"name":"Nepal","code":"NP"},{"name":"New Zealand","code":"NZ"},{"name":"Nicaragua","code":"NI"},{"name":"Nigeria","code":"NG"},{"name":"Nord-Makedonia","code":"MK"},{"name":"Norge","code":"NO"},{"name":"Oman","code":"OM"},{"name":"Pakistan","code":"PK"},{"name":"Panama","code":"PA"},{"name":"Papua Ny-Guinea","code":"PG"},{"name":"Paraguay","code":"PY"},{"name":"Peru","code":"PE"},{"name":"Polen","code":"PL"},{"name":"Portugal","code":"PT"},{"name":"Puerto Rico","code":"PR"},{"name":"Qatar","code":"QA"},{"name":"Romania","code":"RO"},{"name":"Russland","code":"RU"},{"name":"Saudi-Arabia","code":"SA"},{"name":"Senegal","code":"SN"},{"name":"Serbia","code":"RS"},{"name":"Singapore","code":"SG"},{"name":"Slovakia","code":"SK"},{"name":"Slovenia","code":"SI"},{"name":"Spania","code":"ES"},{"name":"Sri Lanka","code":"LK"},{"name":"Storbritannia","code":"GB"},{"name":"Sveits","code":"CH"},{"name":"Sverige","code":"SE"},{"name":"Sør-Afrika","code":"ZA"},{"name":"Sør-Korea","code":"KR"},{"name":"Taiwan","code":"TW"},{"name":"Tanzania","code":"TZ"},{"name":"Thailand","code":"TH"},{"name":"Tsjekkia","code":"CZ"},{"name":"Tunisia","code":"TN"},{"name":"Tyrkia","code":"TR"},{"name":"Tyskland","code":"DE"},{"name":"Uganda","code":"UG"},{"name":"Ukraina","code":"UA"},{"name":"Ungarn","code":"HU"},{"name":"Uruguay","code":"UY"},{"name":"USA","code":"US"},{"name":"Venezuela","code":"VE"},{"name":"Vietnam","code":"VN"},{"name":"Zimbabwe","code":"ZW"},{"name":"Østerrike","code":"AT"}]