[{"name":"Algerije","code":"DZ"},{"name":"Argentinië","code":"AR"},{"name":"Australië","code":"AU"},{"name":"Azerbeidzjan","code":"AZ"},{"name":"Bahrein","code":"BH"},{"name":"Bangladesh","code":"BD"},{"name":"Belarus","code":"BY"},{"name":"België","code":"BE"},{"name":"Bolivia","code":"BO"},{"name":"Bosnië-Herzegovina","code":"BA"},{"name":"Brazilië","code":"BR"},{"name":"Bulgarije","code":"BG"},{"name":"Cambodja","code":"KH"},{"name":"Canada","code":"CA"},{"name":"Chili","code":"CL"},{"name":"Colombia","code":"CO"},{"name":"Costa Rica","code":"CR"},{"name":"Cyprus","code":"CY"},{"name":"Denemarken","code":"DK"},{"name":"Dominicaanse Republiek","code":"DO"},{"name":"Duitsland","code":"DE"},{"name":"Ecuador","code":"EC"},{"name":"Egypte","code":"EG"},{"name":"El Salvador","code":"SV"},{"name":"Estland","code":"EE"},{"name":"Filipijnen","code":"PH"},{"name":"Finland","code":"FI"},{"name":"Frankrijk","code":"FR"},{"name":"Georgië","code":"GE"},{"name":"Ghana","code":"GH"},{"name":"Griekenland","code":"GR"},{"name":"Guatemala","code":"GT"},{"name":"Honduras","code":"HN"},{"name":"Hong Kong","code":"HK"},{"name":"Hongarije","code":"HU"},{"name":"Ierland","code":"IE"},{"name":"IJsland","code":"IS"},{"name":"India","code":"IN"},{"name":"Indonesië","code":"ID"},{"name":"Irak","code":"IQ"},{"name":"Israël","code":"IL"},{"name":"Italië","code":"IT"},{"name":"Jamaica","code":"JM"},{"name":"Japan","code":"JP"},{"name":"Jemen","code":"YE"},{"name":"Jordanië","code":"JO"},{"name":"Kazachstan","code":"KZ"},{"name":"Kenia","code":"KE"},{"name":"Koeweit","code":"KW"},{"name":"Kroatië","code":"HR"},{"name":"Laos","code":"LA"},{"name":"Letland","code":"LV"},{"name":"Libanon","code":"LB"},{"name":"Libië","code":"LY"},{"name":"Liechtenstein","code":"LI"},{"name":"Litouwen","code":"LT"},{"name":"Luxemburg","code":"LU"},{"name":"Maleisië","code":"MY"},{"name":"Malta","code":"MT"},{"name":"Marokko","code":"MA"},{"name":"Mexico","code":"MX"},{"name":"Moldavië","code":"MD"},{"name":"Montenegro","code":"ME"},{"name":"Nederland","code":"NL"},{"name":"Nepal","code":"NP"},{"name":"Nicaragua","code":"NI"},{"name":"Nieuw-Zeeland","code":"NZ"},{"name":"Nigeria","code":"NG"},{"name":"Noord-Macedonië","code":"MK"},{"name":"Noorwegen","code":"NO"},{"name":"Oeganda","code":"UG"},{"name":"Oekraïne","code":"UA"},{"name":"Oman","code":"OM"},{"name":"Oostenrijk","code":"AT"},{"name":"Pakistan","code":"PK"},{"name":"Panama","code":"PA"},{"name":"Papoea-Nieuw-Guinea","code":"PG"},{"name":"Paraguay","code":"PY"},{"name":"Peru","code":"PE"},{"name":"Polen","code":"PL"},{"name":"Portugal","code":"PT"},{"name":"Puerto Rico","code":"PR"},{"name":"Qatar","code":"QA"},{"name":"Roemenië","code":"RO"},{"name":"Rusland","code":"RU"},{"name":"Saudi-Arabië","code":"SA"},{"name":"Senegal","code":"SN"},{"name":"Servië","code":"RS"},{"name":"Singapore","code":"SG"},{"name":"Slovenië","code":"SI"},{"name":"Slowakije","code":"SK"},{"name":"Spanje","code":"ES"},{"name":"Sri Lanka","code":"LK"},{"name":"Taiwan","code":"TW"},{"name":"Tanzania","code":"TZ"},{"name":"Thailand","code":"TH"},{"name":"Tsjechië","code":"CZ"},{"name":"Tunesië","code":"TN"},{"name":"Turkije","code":"TR"},{"name":"Uruguay","code":"UY"},{"name":"Venezuela","code":"VE"},{"name":"Verenigd Koninkrijk","code":"GB"},{"name":"Verenigde Arabische Emiraten","code":"AE"},{"name":"Verenigde Staten","code":"US"},{"name":"Vietnam","code":"VN"},{"name":"Zimbabwe","code":"ZW"},{"name":"Zuid-Afrika","code":"ZA"},{"name":"Zuid-Korea","code":"KR"},{"name":"Zweden","code":"SE"},{"name":"Zwitserland","code":"CH"}]