[{"name":"Algieria","code":"DZ"},{"name":"Arabia Saudyjska","code":"SA"},{"name":"Argentyna","code":"AR"},{"name":"Australia","code":"AU"},{"name":"Austria","code":"AT"},{"name":"Azerbejdżan","code":"AZ"},{"name":"Bahrajn","code":"BH"},{"name":"Bangladesz","code":"BD"},{"name":"Belgia","code":"BE"},{"name":"Białoruś","code":"BY"},{"name":"Boliwia","code":"BO"},{"name":"Bośnia i Hercegowina","code":"BA"},{"name":"Brazylia","code":"BR"},{"name":"Bułgaria","code":"BG"},{"name":"Chile","code":"CL"},{"name":"Chorwacja","code":"HR"},{"name":"Cypr","code":"CY"},{"name":"Czarnogóra","code":"ME"},{"name":"Czechy","code":"CZ"},{"name":"Dania","code":"DK"},{"name":"Dominikana","code":"DO"},{"name":"Egipt","code":"EG"},{"name":"Ekwador","code":"EC"},{"name":"Estonia","code":"EE"},{"name":"Filipiny","code":"PH"},{"name":"Finlandia","code":"FI"},{"name":"Francja","code":"FR"},{"name":"Georgia","code":"GE"},{"name":"Ghana","code":"GH"},{"name":"Grecja","code":"GR"},{"name":"Gwatemala","code":"GT"},{"name":"Hiszpania","code":"ES"},{"name":"Holandia","code":"NL"},{"name":"Honduras","code":"HN"},{"name":"Hongkong","code":"HK"},{"name":"Indie","code":"IN"},{"name":"Indonezja","code":"ID"},{"name":"Irak","code":"IQ"},{"name":"Irlandia","code":"IE"},{"name":"Islandia","code":"IS"},{"name":"Izrael","code":"IL"},{"name":"Jamajka","code":"JM"},{"name":"Japonia","code":"JP"},{"name":"Jemen","code":"YE"},{"name":"Jordania","code":"JO"},{"name":"Kambodża","code":"KH"},{"name":"Kanada","code":"CA"},{"name":"Katar","code":"QA"},{"name":"Kazachstan","code":"KZ"},{"name":"Kenia","code":"KE"},{"name":"Kolumbia","code":"CO"},{"name":"Korea Południowa","code":"KR"},{"name":"Kostaryka","code":"CR"},{"name":"Kuwejt","code":"KW"},{"name":"Laos","code":"LA"},{"name":"Liban","code":"LB"},{"name":"Libia","code":"LY"},{"name":"Lichtenstein","code":"LI"},{"name":"Litwa","code":"LT"},{"name":"Luksemburg","code":"LU"},{"name":"Łotwa","code":"LV"},{"name":"Macedonia Północna","code":"MK"},{"name":"Malezja","code":"MY"},{"name":"Malta","code":"MT"},{"name":"Maroko","code":"MA"},{"name":"Meksyk","code":"MX"},{"name":"Mołdawia","code":"MD"},{"name":"Nepal","code":"NP"},{"name":"Niemcy","code":"DE"},{"name":"Nigeria","code":"NG"},{"name":"Nikaragua","code":"NI"},{"name":"Norwegia","code":"NO"},{"name":"Nowa Zelandia","code":"NZ"},{"name":"Oman","code":"OM"},{"name":"Pakistan","code":"PK"},{"name":"Panama","code":"PA"},{"name":"Papua-Nowa Gwinea","code":"PG"},{"name":"Paragwaj","code":"PY"},{"name":"Peru","code":"PE"},{"name":"Polska","code":"PL"},{"name":"Portoryko","code":"PR"},{"name":"Portugalia","code":"PT"},{"name":"Republika Południowej Afryki","code":"ZA"},{"name":"Rosja","code":"RU"},{"name":"Rumunia","code":"RO"},{"name":"Salwador","code":"SV"},{"name":"Senegal","code":"SN"},{"name":"Serbia","code":"RS"},{"name":"Singapur","code":"SG"},{"name":"Słowacja","code":"SK"},{"name":"Słowenia","code":"SI"},{"name":"Sri Lanka","code":"LK"},{"name":"Stany Zjednoczone","code":"US"},{"name":"Szwajcaria","code":"CH"},{"name":"Szwecja","code":"SE"},{"name":"Tajlandia","code":"TH"},{"name":"Tajwan","code":"TW"},{"name":"Tanzania","code":"TZ"},{"name":"Tunezja","code":"TN"},{"name":"Turcja","code":"TR"},{"name":"Uganda","code":"UG"},{"name":"Ukraina","code":"UA"},{"name":"Urugwaj","code":"UY"},{"name":"Wenezuela","code":"VE"},{"name":"Węgry","code":"HU"},{"name":"Wielka Brytania","code":"GB"},{"name":"Wietnam","code":"VN"},{"name":"Włochy","code":"IT"},{"name":"Zimbabwe","code":"ZW"},{"name":"Zjednoczone Emiraty Arabskie","code":"AE"}]