[{"name":"Австралия","code":"AU"},{"name":"Австрия","code":"AT"},{"name":"Азербайджан","code":"AZ"},{"name":"Алжир","code":"DZ"},{"name":"Аргентина","code":"AR"},{"name":"Бангладеш","code":"BD"},{"name":"Бахрейн","code":"BH"},{"name":"Беларусь","code":"BY"},{"name":"Бельгия","code":"BE"},{"name":"Болгария","code":"BG"},{"name":"Боливия","code":"BO"},{"name":"Босния и Герцеговина","code":"BA"},{"name":"Бразилия","code":"BR"},{"name":"Великобритания","code":"GB"},{"name":"Венгрия","code":"HU"},{"name":"Венесуэла","code":"VE"},{"name":"Вьетнам","code":"VN"},{"name":"Гана","code":"GH"},{"name":"Гватемала","code":"GT"},{"name":"Германия","code":"DE"},{"name":"Гондурас","code":"HN"},{"name":"Гонконг","code":"HK"},{"name":"Греция","code":"GR"},{"name":"Грузия","code":"GE"},{"name":"Дания","code":"DK"},{"name":"Доминиканская Республика","code":"DO"},{"name":"Египет","code":"EG"},{"name":"Зимбабве","code":"ZW"},{"name":"Израиль","code":"IL"},{"name":"Индия","code":"IN"},{"name":"Индонезия","code":"ID"},{"name":"Иордания","code":"JO"},{"name":"Ирак","code":"IQ"},{"name":"Ирландия","code":"IE"},{"name":"Исландия","code":"IS"},{"name":"Испания","code":"ES"},{"name":"Италия","code":"IT"},{"name":"Йемен","code":"YE"},{"name":"Казахстан","code":"KZ"},{"name":"Камбоджа","code":"KH"},{"name":"Канада","code":"CA"},{"name":"Катар","code":"QA"},{"name":"Кения","code":"KE"},{"name":"Кипр","code":"CY"},{"name":"Колумбия","code":"CO"},{"name":"Коста-Рика","code":"CR"},{"name":"Кувейт","code":"KW"},{"name":"Лаос","code":"LA"},{"name":"Латвия","code":"LV"},{"name":"Ливан","code":"LB"},{"name":"Ливия","code":"LY"},{"name":"Литва","code":"LT"},{"name":"Лихтенштейн","code":"LI"},{"name":"Люксембург","code":"LU"},{"name":"Малайзия","code":"MY"},{"name":"Мальта","code":"MT"},{"name":"Марокко","code":"MA"},{"name":"Мексика","code":"MX"},{"name":"Молдова","code":"MD"},{"name":"Непал","code":"NP"},{"name":"Нигерия","code":"NG"},{"name":"Нидерланды","code":"NL"},{"name":"Никарагуа","code":"NI"},{"name":"Новая Зеландия","code":"NZ"},{"name":"Норвегия","code":"NO"},{"name":"Объединенные Арабские Эмираты","code":"AE"},{"name":"Оман","code":"OM"},{"name":"Пакистан","code":"PK"},{"name":"Панама","code":"PA"},{"name":"Папуа-Новая Гвинея","code":"PG"},{"name":"Парагвай","code":"PY"},{"name":"Перу","code":"PE"},{"name":"Польша","code":"PL"},{"name":"Португалия","code":"PT"},{"name":"Пуэрто-Рико","code":"PR"},{"name":"Россия","code":"RU"},{"name":"Румыния","code":"RO"},{"name":"Сальвадор","code":"SV"},{"name":"Саудовская Аравия","code":"SA"},{"name":"Северная Македония","code":"MK"},{"name":"Сенегал","code":"SN"},{"name":"Сербия","code":"RS"},{"name":"Сингапур","code":"SG"},{"name":"Словакия","code":"SK"},{"name":"Словения","code":"SI"},{"name":"США","code":"US"},{"name":"Таиланд","code":"TH"},{"name":"Тайвань","code":"TW"},{"name":"Танзания","code":"TZ"},{"name":"Тунис","code":"TN"},{"name":"Турция","code":"TR"},{"name":"Уганда","code":"UG"},{"name":"Украина","code":"UA"},{"name":"Уругвай","code":"UY"},{"name":"Филиппины","code":"PH"},{"name":"Финляндия","code":"FI"},{"name":"Франция","code":"FR"},{"name":"Хорватия","code":"HR"},{"name":"Черногория","code":"ME"},{"name":"Чехия","code":"CZ"},{"name":"Чили","code":"CL"},{"name":"Швейцария","code":"CH"},{"name":"Швеция","code":"SE"},{"name":"Шри-Ланка","code":"LK"},{"name":"Эквадор","code":"EC"},{"name":"Эстония","code":"EE"},{"name":"Южная Корея","code":"KR"},{"name":"Южно-Африканская Республика","code":"ZA"},{"name":"Ямайка","code":"JM"},{"name":"Япония","code":"JP"}]