[{"name":"Alžírsko","code":"DZ"},{"name":"Argentína","code":"AR"},{"name":"Austrália","code":"AU"},{"name":"Azerbajdžan","code":"AZ"},{"name":"Bahrajn","code":"BH"},{"name":"Bangladéš","code":"BD"},{"name":"Belgicko","code":"BE"},{"name":"Bielorusko","code":"BY"},{"name":"Bolívia","code":"BO"},{"name":"Bosna a Hercegovina","code":"BA"},{"name":"Brazília","code":"BR"},{"name":"Bulharsko","code":"BG"},{"name":"Cyprus","code":"CY"},{"name":"Česko","code":"CZ"},{"name":"Čierna Hora","code":"ME"},{"name":"Čile","code":"CL"},{"name":"Dánsko","code":"DK"},{"name":"Dominikánska republika","code":"DO"},{"name":"Egypt","code":"EG"},{"name":"Ekvádor","code":"EC"},{"name":"Estónsko","code":"EE"},{"name":"Filipíny","code":"PH"},{"name":"Fínsko","code":"FI"},{"name":"Francúzsko","code":"FR"},{"name":"Ghana","code":"GH"},{"name":"Grécko","code":"GR"},{"name":"Gruzínsko","code":"GE"},{"name":"Guatemala","code":"GT"},{"name":"Holandsko","code":"NL"},{"name":"Honduras","code":"HN"},{"name":"Hongkong","code":"HK"},{"name":"Chorvátsko","code":"HR"},{"name":"India","code":"IN"},{"name":"Indonézia","code":"ID"},{"name":"Irak","code":"IQ"},{"name":"Írsko","code":"IE"},{"name":"Island","code":"IS"},{"name":"Izrael","code":"IL"},{"name":"Jamajka","code":"JM"},{"name":"Japonsko","code":"JP"},{"name":"Jemen","code":"YE"},{"name":"Jordánsko","code":"JO"},{"name":"Juhoafrická republika","code":"ZA"},{"name":"Južná Kórea","code":"KR"},{"name":"Kambodža","code":"KH"},{"name":"Kanada","code":"CA"},{"name":"Katar","code":"QA"},{"name":"Kazachstan","code":"KZ"},{"name":"Keňa","code":"KE"},{"name":"Kolumbia","code":"CO"},{"name":"Kostarika","code":"CR"},{"name":"Kuvajt","code":"KW"},{"name":"Laos","code":"LA"},{"name":"Libanon","code":"LB"},{"name":"Líbya","code":"LY"},{"name":"Lichtenštajnsko","code":"LI"},{"name":"Litva","code":"LT"},{"name":"Lotyšsko","code":"LV"},{"name":"Luxembursko","code":"LU"},{"name":"Maďarsko","code":"HU"},{"name":"Malajzia","code":"MY"},{"name":"Malta","code":"MT"},{"name":"Maroko","code":"MA"},{"name":"Mexiko","code":"MX"},{"name":"Moldavsko","code":"MD"},{"name":"Nemecko","code":"DE"},{"name":"Nepál","code":"NP"},{"name":"Nigéria","code":"NG"},{"name":"Nikaragua","code":"NI"},{"name":"Nórsko","code":"NO"},{"name":"Nový Zéland","code":"NZ"},{"name":"Omán","code":"OM"},{"name":"Pakistan","code":"PK"},{"name":"Panama","code":"PA"},{"name":"Papua – Nová Guinea","code":"PG"},{"name":"Paraguaj","code":"PY"},{"name":"Peru","code":"PE"},{"name":"Poľsko","code":"PL"},{"name":"Portoriko","code":"PR"},{"name":"Portugalsko","code":"PT"},{"name":"Rakúsko","code":"AT"},{"name":"Rumunsko","code":"RO"},{"name":"Rusko","code":"RU"},{"name":"Salvádor","code":"SV"},{"name":"Saudská Arábia","code":"SA"},{"name":"Senegal","code":"SN"},{"name":"Severné Macedónsko","code":"MK"},{"name":"Singapur","code":"SG"},{"name":"Slovensko","code":"SK"},{"name":"Slovinsko","code":"SI"},{"name":"Spojené arabské emiráty","code":"AE"},{"name":"Spojené kráľovstvo","code":"GB"},{"name":"Spojené štáty","code":"US"},{"name":"Srbsko","code":"RS"},{"name":"Srí Lanka","code":"LK"},{"name":"Španielsko","code":"ES"},{"name":"Švajčiarsko","code":"CH"},{"name":"Švédsko","code":"SE"},{"name":"Taiwan","code":"TW"},{"name":"Taliansko","code":"IT"},{"name":"Tanzánia","code":"TZ"},{"name":"Thajsko","code":"TH"},{"name":"Tunisko","code":"TN"},{"name":"Turecko","code":"TR"},{"name":"Uganda","code":"UG"},{"name":"Ukrajina","code":"UA"},{"name":"Uruguaj","code":"UY"},{"name":"Venezuela","code":"VE"},{"name":"Vietnam","code":"VN"},{"name":"Zimbabwe","code":"ZW"}]