[{"name":"Alžirija","code":"DZ"},{"name":"Argentina","code":"AR"},{"name":"Avstralija","code":"AU"},{"name":"Avstrija","code":"AT"},{"name":"Azerbajdžan","code":"AZ"},{"name":"Bahrajn","code":"BH"},{"name":"Bangladeš","code":"BD"},{"name":"Belgija","code":"BE"},{"name":"Belorusija","code":"BY"},{"name":"Bolgarija","code":"BG"},{"name":"Bolivija","code":"BO"},{"name":"Bosna in Hercegovina","code":"BA"},{"name":"Brazilija","code":"BR"},{"name":"Ciper","code":"CY"},{"name":"Češka","code":"CZ"},{"name":"Čile","code":"CL"},{"name":"Črna gora","code":"ME"},{"name":"Danska","code":"DK"},{"name":"Dominikanska republika","code":"DO"},{"name":"Egipt","code":"EG"},{"name":"Ekvador","code":"EC"},{"name":"Estonija","code":"EE"},{"name":"Filipini","code":"PH"},{"name":"Finska","code":"FI"},{"name":"Francija","code":"FR"},{"name":"Gana","code":"GH"},{"name":"Grčija","code":"GR"},{"name":"Gruzija","code":"GE"},{"name":"Gvatemala","code":"GT"},{"name":"Honduras","code":"HN"},{"name":"Hongkong","code":"HK"},{"name":"Hrvaška","code":"HR"},{"name":"Indija","code":"IN"},{"name":"Indonezija","code":"ID"},{"name":"Irak","code":"IQ"},{"name":"Irska","code":"IE"},{"name":"Islandija","code":"IS"},{"name":"Italija","code":"IT"},{"name":"Izrael","code":"IL"},{"name":"Jamajka","code":"JM"},{"name":"Japonska","code":"JP"},{"name":"Jemen","code":"YE"},{"name":"Jordanija","code":"JO"},{"name":"Južna Afrika","code":"ZA"},{"name":"Južna Koreja","code":"KR"},{"name":"Kambodža","code":"KH"},{"name":"Kanada","code":"CA"},{"name":"Katar","code":"QA"},{"name":"Kazahstan","code":"KZ"},{"name":"Kenija","code":"KE"},{"name":"Kolumbija","code":"CO"},{"name":"Kostarika","code":"CR"},{"name":"Kuvajt","code":"KW"},{"name":"Laos","code":"LA"},{"name":"Latvija","code":"LV"},{"name":"Libanon","code":"LB"},{"name":"Libija","code":"LY"},{"name":"Lihtenštajn","code":"LI"},{"name":"Litva","code":"LT"},{"name":"Luksemburg","code":"LU"},{"name":"Madžarska","code":"HU"},{"name":"Malezija","code":"MY"},{"name":"Malta","code":"MT"},{"name":"Maroko","code":"MA"},{"name":"Mehika","code":"MX"},{"name":"Moldavija","code":"MD"},{"name":"Nemčija","code":"DE"},{"name":"Nepal","code":"NP"},{"name":"Nigerija","code":"NG"},{"name":"Nikaragva","code":"NI"},{"name":"Nizozemska","code":"NL"},{"name":"Norveška","code":"NO"},{"name":"Nova Zelandija","code":"NZ"},{"name":"Oman","code":"OM"},{"name":"Pakistan","code":"PK"},{"name":"Panama","code":"PA"},{"name":"Papua Nova Gvineja","code":"PG"},{"name":"Paragvaj","code":"PY"},{"name":"Peru","code":"PE"},{"name":"Poljska","code":"PL"},{"name":"Portoriko","code":"PR"},{"name":"Portugalska","code":"PT"},{"name":"Romunija","code":"RO"},{"name":"Rusija","code":"RU"},{"name":"Salvador","code":"SV"},{"name":"Saudova Arabija","code":"SA"},{"name":"Senegal","code":"SN"},{"name":"Severna Makedonija","code":"MK"},{"name":"Singapur","code":"SG"},{"name":"Slovaška","code":"SK"},{"name":"Slovenija","code":"SI"},{"name":"Srbija","code":"RS"},{"name":"Španija","code":"ES"},{"name":"Šrilanka","code":"LK"},{"name":"Švedska","code":"SE"},{"name":"Švica","code":"CH"},{"name":"Tajska","code":"TH"},{"name":"Tajvan","code":"TW"},{"name":"Tanzanija","code":"TZ"},{"name":"Tunizija","code":"TN"},{"name":"Turčija","code":"TR"},{"name":"Uganda","code":"UG"},{"name":"Ukrajina","code":"UA"},{"name":"Urugvaj","code":"UY"},{"name":"Venezuela","code":"VE"},{"name":"Vietnam","code":"VN"},{"name":"Združene države","code":"US"},{"name":"Združeni arabski emirati","code":"AE"},{"name":"Združeno kraljestvo","code":"GB"},{"name":"Zimbabve","code":"ZW"}]