[{"name":"Азербејџан","code":"AZ"},{"name":"Алжир","code":"DZ"},{"name":"Аргентина","code":"AR"},{"name":"Аустралија","code":"AU"},{"name":"Аустрија","code":"AT"},{"name":"Бангладеш","code":"BD"},{"name":"Бахреин","code":"BH"},{"name":"Белгија","code":"BE"},{"name":"Белорусија","code":"BY"},{"name":"Боливија","code":"BO"},{"name":"Босна и Херцеговина","code":"BA"},{"name":"Бразил","code":"BR"},{"name":"Бугарска","code":"BG"},{"name":"Венецуела","code":"VE"},{"name":"Вијетнам","code":"VN"},{"name":"Гана","code":"GH"},{"name":"Гватемала","code":"GT"},{"name":"Грузија","code":"GE"},{"name":"Грчка","code":"GR"},{"name":"Данска","code":"DK"},{"name":"Доминиканска Република","code":"DO"},{"name":"Египат","code":"EG"},{"name":"Еквадор","code":"EC"},{"name":"Естонија","code":"EE"},{"name":"Зимбабве","code":"ZW"},{"name":"Израел","code":"IL"},{"name":"Индија","code":"IN"},{"name":"Индонезија","code":"ID"},{"name":"Ирак","code":"IQ"},{"name":"Ирска","code":"IE"},{"name":"Исланд","code":"IS"},{"name":"Италија","code":"IT"},{"name":"Јамајка","code":"JM"},{"name":"Јапан","code":"JP"},{"name":"Јемен","code":"YE"},{"name":"Јордан","code":"JO"},{"name":"Јужна Кореја","code":"KR"},{"name":"Јужноафричка Република","code":"ZA"},{"name":"Казахстан","code":"KZ"},{"name":"Камбоџа","code":"KH"},{"name":"Канада","code":"CA"},{"name":"Катар","code":"QA"},{"name":"Кенија","code":"KE"},{"name":"Кипар","code":"CY"},{"name":"Колумбија","code":"CO"},{"name":"Костарика","code":"CR"},{"name":"Кувајт","code":"KW"},{"name":"Лаос","code":"LA"},{"name":"Летонија","code":"LV"},{"name":"Либан","code":"LB"},{"name":"Либија","code":"LY"},{"name":"Литванија","code":"LT"},{"name":"Лихтенштајн","code":"LI"},{"name":"Луксембург","code":"LU"},{"name":"Мађарска","code":"HU"},{"name":"Малезија","code":"MY"},{"name":"Малта","code":"MT"},{"name":"Мароко","code":"MA"},{"name":"Мексико","code":"MX"},{"name":"Молдавија","code":"MD"},{"name":"Немачка","code":"DE"},{"name":"Непал","code":"NP"},{"name":"Нигерија","code":"NG"},{"name":"Никарагва","code":"NI"},{"name":"Нови Зеланд","code":"NZ"},{"name":"Норвешка","code":"NO"},{"name":"Оман","code":"OM"},{"name":"Пакистан","code":"PK"},{"name":"Панама","code":"PA"},{"name":"Папуа Нова Гвинеја","code":"PG"},{"name":"Парагвај","code":"PY"},{"name":"Перу","code":"PE"},{"name":"Пољска","code":"PL"},{"name":"Порторико","code":"PR"},{"name":"Португалија","code":"PT"},{"name":"Румунија","code":"RO"},{"name":"Русија","code":"RU"},{"name":"САД","code":"US"},{"name":"Салвадор","code":"SV"},{"name":"Саудијска Арабија","code":"SA"},{"name":"Северна Македонија","code":"MK"},{"name":"Сенегал","code":"SN"},{"name":"Сингапур","code":"SG"},{"name":"Словачка","code":"SK"},{"name":"Словенија","code":"SI"},{"name":"Србија","code":"RS"},{"name":"Тајван","code":"TW"},{"name":"Тајланд","code":"TH"},{"name":"Танзанија","code":"TZ"},{"name":"Тунис","code":"TN"},{"name":"Турска","code":"TR"},{"name":"Уганда","code":"UG"},{"name":"Уједињени Арапски Емирати","code":"AE"},{"name":"Уједињено Краљевство","code":"GB"},{"name":"Украјина","code":"UA"},{"name":"Уругвај","code":"UY"},{"name":"Филипини","code":"PH"},{"name":"Финска","code":"FI"},{"name":"Француска","code":"FR"},{"name":"Холандија","code":"NL"},{"name":"Хонгконг","code":"HK"},{"name":"Хондурас","code":"HN"},{"name":"Хрватска","code":"HR"},{"name":"Црна Гора","code":"ME"},{"name":"Чешка","code":"CZ"},{"name":"Чиле","code":"CL"},{"name":"Швајцарска","code":"CH"},{"name":"Шведска","code":"SE"},{"name":"Шпанија","code":"ES"},{"name":"Шри Ланка","code":"LK"}]