[{"name":"Algeriet","code":"DZ"},{"name":"Argentina","code":"AR"},{"name":"Australien","code":"AU"},{"name":"Azerbadjan","code":"AZ"},{"name":"Bahrain","code":"BH"},{"name":"Bangladesh","code":"BD"},{"name":"Belarus","code":"BY"},{"name":"Belgien","code":"BE"},{"name":"Bolivia","code":"BO"},{"name":"Bosnien-Hercegovina","code":"BA"},{"name":"Brasilien","code":"BR"},{"name":"Bulgarien","code":"BG"},{"name":"Chile","code":"CL"},{"name":"Colombia","code":"CO"},{"name":"Costa Rica","code":"CR"},{"name":"Cypern","code":"CY"},{"name":"Danmark","code":"DK"},{"name":"Dominikanska republiken","code":"DO"},{"name":"Ecuador","code":"EC"},{"name":"Egypten","code":"EG"},{"name":"El Salvador","code":"SV"},{"name":"Estland","code":"EE"},{"name":"Filippinerna","code":"PH"},{"name":"Finland","code":"FI"},{"name":"Frankrike","code":"FR"},{"name":"Förenade arabemiraten","code":"AE"},{"name":"Förenade kungariket","code":"GB"},{"name":"Georgien","code":"GE"},{"name":"Ghana","code":"GH"},{"name":"Grekland","code":"GR"},{"name":"Guatemala","code":"GT"},{"name":"Honduras","code":"HN"},{"name":"Hongkong","code":"HK"},{"name":"Indien","code":"IN"},{"name":"Indonesien","code":"ID"},{"name":"Irak","code":"IQ"},{"name":"Irland","code":"IE"},{"name":"Island","code":"IS"},{"name":"Israel","code":"IL"},{"name":"Italien","code":"IT"},{"name":"Jamaica","code":"JM"},{"name":"Japan","code":"JP"},{"name":"Jemen","code":"YE"},{"name":"Jordanien","code":"JO"},{"name":"Kambodja","code":"KH"},{"name":"Kanada","code":"CA"},{"name":"Kazakstan","code":"KZ"},{"name":"Kenya","code":"KE"},{"name":"Kroatien","code":"HR"},{"name":"Kuwait","code":"KW"},{"name":"Laos","code":"LA"},{"name":"Lettland","code":"LV"},{"name":"Libanon","code":"LB"},{"name":"Libyen","code":"LY"},{"name":"Liechtenstein","code":"LI"},{"name":"Litauen","code":"LT"},{"name":"Luxemburg","code":"LU"},{"name":"Malaysia","code":"MY"},{"name":"Malta","code":"MT"},{"name":"Marocko","code":"MA"},{"name":"Mexiko","code":"MX"},{"name":"Moldavien","code":"MD"},{"name":"Montenegro","code":"ME"},{"name":"Nederländerna","code":"NL"},{"name":"Nepal","code":"NP"},{"name":"Nicaragua","code":"NI"},{"name":"Nigeria","code":"NG"},{"name":"Nordmakedonien","code":"MK"},{"name":"Norge","code":"NO"},{"name":"Nya Zeeland","code":"NZ"},{"name":"Oman","code":"OM"},{"name":"Pakistan","code":"PK"},{"name":"Panama","code":"PA"},{"name":"Papua Nya Guinea","code":"PG"},{"name":"Paraguay","code":"PY"},{"name":"Peru","code":"PE"},{"name":"Polen","code":"PL"},{"name":"Portugal","code":"PT"},{"name":"Puerto Rico","code":"PR"},{"name":"Qatar","code":"QA"},{"name":"Rumänien","code":"RO"},{"name":"Ryssland","code":"RU"},{"name":"Saudiarabien","code":"SA"},{"name":"Schweiz","code":"CH"},{"name":"Senegal","code":"SN"},{"name":"Serbien","code":"RS"},{"name":"Singapore","code":"SG"},{"name":"Slovakien","code":"SK"},{"name":"Slovenien","code":"SI"},{"name":"Spanien","code":"ES"},{"name":"Sri Lanka","code":"LK"},{"name":"Sverige","code":"SE"},{"name":"Sydafrika","code":"ZA"},{"name":"Sydkorea","code":"KR"},{"name":"Taiwan","code":"TW"},{"name":"Tanzania","code":"TZ"},{"name":"Thailand","code":"TH"},{"name":"Tjeckien","code":"CZ"},{"name":"Tunisien","code":"TN"},{"name":"Turkiet","code":"TR"},{"name":"Tyskland","code":"DE"},{"name":"Uganda","code":"UG"},{"name":"Ukraina","code":"UA"},{"name":"Ungern","code":"HU"},{"name":"Uruguay","code":"UY"},{"name":"USA","code":"US"},{"name":"Venezuela","code":"VE"},{"name":"Vietnam","code":"VN"},{"name":"Zimbabwe","code":"ZW"},{"name":"Österrike","code":"AT"}]