[{"name":"அமெரிக்க ஐக்கிய நாடுகள்","code":"US"},{"name":"அயர்லாந்து","code":"IE"},{"name":"அர்ஜென்டீனா","code":"AR"},{"name":"அல்ஜீரியா","code":"DZ"},{"name":"அஜர்பைஜான்","code":"AZ"},{"name":"ஆஸ்திரியா","code":"AT"},{"name":"ஆஸ்திரேலியா","code":"AU"},{"name":"இத்தாலி","code":"IT"},{"name":"இந்தியா","code":"IN"},{"name":"இந்தோனேஷியா","code":"ID"},{"name":"இலங்கை","code":"LK"},{"name":"இஸ்ரேல்","code":"IL"},{"name":"ஈக்வெடார்","code":"EC"},{"name":"ஈராக்","code":"IQ"},{"name":"உக்ரைன்","code":"UA"},{"name":"உகாண்டா","code":"UG"},{"name":"உருகுவே","code":"UY"},{"name":"எகிப்து","code":"EG"},{"name":"எல் சால்வேடார்","code":"SV"},{"name":"எஸ்டோனியா","code":"EE"},{"name":"ஏமன்","code":"YE"},{"name":"ஐக்கிய அரபு எமிரேட்ஸ்","code":"AE"},{"name":"ஐஸ்லாந்து","code":"IS"},{"name":"ஓமன்","code":"OM"},{"name":"ஃபிரான்ஸ்","code":"FR"},{"name":"ஃபின்லாந்து","code":"FI"},{"name":"கத்தார்","code":"QA"},{"name":"கம்போடியா","code":"KH"},{"name":"கவுதமாலா","code":"GT"},{"name":"கனடா","code":"CA"},{"name":"கஸகஸ்தான்","code":"KZ"},{"name":"கானா","code":"GH"},{"name":"கிரீஸ்","code":"GR"},{"name":"குரோஷியா","code":"HR"},{"name":"குவைத்","code":"KW"},{"name":"கென்யா","code":"KE"},{"name":"கொலம்பியா","code":"CO"},{"name":"கோஸ்டா ரிகா","code":"CR"},{"name":"சவுதி அரேபியா","code":"SA"},{"name":"சிங்கப்பூர்","code":"SG"},{"name":"சிலி","code":"CL"},{"name":"செக்கியா","code":"CZ"},{"name":"செர்பியா","code":"RS"},{"name":"செனகல்","code":"SN"},{"name":"சைப்ரஸ்","code":"CY"},{"name":"டென்மார்க்","code":"DK"},{"name":"டொமினிகன் குடியரசு","code":"DO"},{"name":"தாய்லாந்து","code":"TH"},{"name":"தான்சானியா","code":"TZ"},{"name":"துருக்கி","code":"TR"},{"name":"துனிசியா","code":"TN"},{"name":"தென் ஆப்பிரிக்கா","code":"ZA"},{"name":"தென்கொரியா","code":"KR"},{"name":"தைவான்","code":"TW"},{"name":"நார்வே","code":"NO"},{"name":"நிகரகுவா","code":"NI"},{"name":"நியூசிலாந்து","code":"NZ"},{"name":"நெதர்லாந்து","code":"NL"},{"name":"நேபாளம்","code":"NP"},{"name":"நைஜீரியா","code":"NG"},{"name":"பங்களாதேஷ்","code":"BD"},{"name":"பபுவா நியூ கினியா","code":"PG"},{"name":"பராகுவே","code":"PY"},{"name":"பல்கேரியா","code":"BG"},{"name":"பனாமா","code":"PA"},{"name":"பஹ்ரெய்ன்","code":"BH"},{"name":"பாகிஸ்தான்","code":"PK"},{"name":"பிரேசில்","code":"BR"},{"name":"பிலிப்பைன்ஸ்","code":"PH"},{"name":"புயர்டோ ரிகோ","code":"PR"},{"name":"பெரு","code":"PE"},{"name":"பெல்ஜியம்","code":"BE"},{"name":"பெலாரஸ்","code":"BY"},{"name":"பொலிவியா","code":"BO"},{"name":"போர்ச்சுகல்","code":"PT"},{"name":"போலந்து","code":"PL"},{"name":"போஸ்னியா மற்றும் ஹெர்ஸெகோவினா","code":"BA"},{"name":"மல்டோவா","code":"MD"},{"name":"மலேஷியா","code":"MY"},{"name":"மாண்டிநீக்ரோ","code":"ME"},{"name":"மால்டா","code":"MT"},{"name":"மெக்சிகோ","code":"MX"},{"name":"மொராக்கோ","code":"MA"},{"name":"யுனைடெட் கிங்டம்","code":"GB"},{"name":"ரஷ்யா","code":"RU"},{"name":"ரோமானியா","code":"RO"},{"name":"லக்சம்பர்க்","code":"LU"},{"name":"லாத்வியா","code":"LV"},{"name":"லாவோஸ்","code":"LA"},{"name":"லிச்சென்ஸ்டீன்","code":"LI"},{"name":"லிதுவேனியா","code":"LT"},{"name":"லிபியா","code":"LY"},{"name":"லெபனான்","code":"LB"},{"name":"வடக்கு மாசிடோனியா","code":"MK"},{"name":"வியட்நாம்","code":"VN"},{"name":"வெனிசுலா","code":"VE"},{"name":"ஜப்பான்","code":"JP"},{"name":"ஜமைக்கா","code":"JM"},{"name":"ஜார்ஜியா","code":"GE"},{"name":"ஜிம்பாப்வே","code":"ZW"},{"name":"ஜெர்மனி","code":"DE"},{"name":"ஜோர்டான்","code":"JO"},{"name":"ஸ்பெயின்","code":"ES"},{"name":"ஸ்லோவேனியா","code":"SI"},{"name":"ஸ்லோவோக்கியா","code":"SK"},{"name":"ஸ்விட்சர்லாந்து","code":"CH"},{"name":"ஸ்வீடன்","code":"SE"},{"name":"ஹங்கேரி","code":"HU"},{"name":"ஹாங்காங்","code":"HK"},{"name":"ஹோண்டுராஸ்","code":"HN"}]