[{"name":"Австралія","code":"AU"},{"name":"Австрія","code":"AT"},{"name":"Азербайджан","code":"AZ"},{"name":"Алжир","code":"DZ"},{"name":"Аргентина","code":"AR"},{"name":"Бангладеш","code":"BD"},{"name":"Бахрейн","code":"BH"},{"name":"Бельгія","code":"BE"},{"name":"Білорусь","code":"BY"},{"name":"Болгарія","code":"BG"},{"name":"Болівія","code":"BO"},{"name":"Боснія та Герцеговина","code":"BA"},{"name":"Бразилія","code":"BR"},{"name":"В'єтнам","code":"VN"},{"name":"Велика Британія","code":"GB"},{"name":"Венесуела","code":"VE"},{"name":"Гана","code":"GH"},{"name":"Гватемала","code":"GT"},{"name":"Гондурас","code":"HN"},{"name":"Гонконг","code":"HK"},{"name":"Греція","code":"GR"},{"name":"Грузія","code":"GE"},{"name":"Данія","code":"DK"},{"name":"Домініканська Республіка","code":"DO"},{"name":"Еквадор","code":"EC"},{"name":"Естонія","code":"EE"},{"name":"Єгипет","code":"EG"},{"name":"Ємен","code":"YE"},{"name":"Зімбабве","code":"ZW"},{"name":"Ізраїль","code":"IL"},{"name":"Індія","code":"IN"},{"name":"Індонезія","code":"ID"},{"name":"Ірак","code":"IQ"},{"name":"Ірландія","code":"IE"},{"name":"Ісландія","code":"IS"},{"name":"Іспанія","code":"ES"},{"name":"Італія","code":"IT"},{"name":"Йорданія","code":"JO"},{"name":"Казахстан","code":"KZ"},{"name":"Камбоджа","code":"KH"},{"name":"Канада","code":"CA"},{"name":"Катар","code":"QA"},{"name":"Кенія","code":"KE"},{"name":"Кіпр","code":"CY"},{"name":"Колумбія","code":"CO"},{"name":"Коста-Рика","code":"CR"},{"name":"Кувейт","code":"KW"},{"name":"Лаос","code":"LA"},{"name":"Латвія","code":"LV"},{"name":"Литва","code":"LT"},{"name":"Ліван","code":"LB"},{"name":"Лівія","code":"LY"},{"name":"Ліхтенштейн","code":"LI"},{"name":"Люксембург","code":"LU"},{"name":"Малайзія","code":"MY"},{"name":"Мальта","code":"MT"},{"name":"Марокко","code":"MA"},{"name":"Мексика","code":"MX"},{"name":"Молдова","code":"MD"},{"name":"Непал","code":"NP"},{"name":"Нігерія","code":"NG"},{"name":"Нідерланди","code":"NL"},{"name":"Нікарагуа","code":"NI"},{"name":"Німеччина","code":"DE"},{"name":"Нова Зеландія","code":"NZ"},{"name":"Норвегія","code":"NO"},{"name":"Об'єднані Арабські Емірати","code":"AE"},{"name":"Оман","code":"OM"},{"name":"Пакистан","code":"PK"},{"name":"Панама","code":"PA"},{"name":"Папуа – Нова Гвінея","code":"PG"},{"name":"Парагвай","code":"PY"},{"name":"Перу","code":"PE"},{"name":"Південна Корея","code":"KR"},{"name":"Південно-Африканська Республіка","code":"ZA"},{"name":"Північна Македонія","code":"MK"},{"name":"Польща","code":"PL"},{"name":"Португалія","code":"PT"},{"name":"Пуерто-Рико","code":"PR"},{"name":"Росія","code":"RU"},{"name":"Румунія","code":"RO"},{"name":"Сальвадор","code":"SV"},{"name":"Саудівська Аравія","code":"SA"},{"name":"Сенегал","code":"SN"},{"name":"Сербія","code":"RS"},{"name":"Сінгапур","code":"SG"},{"name":"Словаччина","code":"SK"},{"name":"Словенія","code":"SI"},{"name":"Сполучені Штати Америки","code":"US"},{"name":"Таїланд","code":"TH"},{"name":"Тайвань","code":"TW"},{"name":"Танзанія","code":"TZ"},{"name":"Туніс","code":"TN"},{"name":"Туреччина","code":"TR"},{"name":"Уганда","code":"UG"},{"name":"Угорщина","code":"HU"},{"name":"Україна","code":"UA"},{"name":"Уругвай","code":"UY"},{"name":"Філіппіни","code":"PH"},{"name":"Фінляндія","code":"FI"},{"name":"Франція","code":"FR"},{"name":"Хорватія","code":"HR"},{"name":"Чехія","code":"CZ"},{"name":"Чилі","code":"CL"},{"name":"Чорногорія","code":"ME"},{"name":"Швейцарія","code":"CH"},{"name":"Швеція","code":"SE"},{"name":"Шрі-Ланка","code":"LK"},{"name":"Ямайка","code":"JM"},{"name":"Японія","code":"JP"}]