[{"name":"Ả-Rập Xê-út","code":"SA"},{"name":"Ai Cập","code":"EG"},{"name":"Algeria","code":"DZ"},{"name":"Áo","code":"AT"},{"name":"Argentina","code":"AR"},{"name":"Azerbaijan","code":"AZ"},{"name":"Ấn Độ","code":"IN"},{"name":"Ba Lan","code":"PL"},{"name":"Bahrain","code":"BH"},{"name":"Bangladesh","code":"BD"},{"name":"Bắc Macedonia","code":"MK"},{"name":"Belarus","code":"BY"},{"name":"Bỉ","code":"BE"},{"name":"Bolivia","code":"BO"},{"name":"Bosnia và Herzegovina","code":"BA"},{"name":"Bồ Đào Nha","code":"PT"},{"name":"Brazil","code":"BR"},{"name":"Bungary","code":"BG"},{"name":"Các Tiểu Vương quốc Ả Rập Thống nhất","code":"AE"},{"name":"Campuchia","code":"KH"},{"name":"Canada","code":"CA"},{"name":"Chile","code":"CL"},{"name":"Colombia","code":"CO"},{"name":"Costa Rica","code":"CR"},{"name":"Cộng hoà Dominica","code":"DO"},{"name":"Croatia","code":"HR"},{"name":"Đài Loan","code":"TW"},{"name":"Đan Mạch","code":"DK"},{"name":"Đảo Síp","code":"CY"},{"name":"Đức","code":"DE"},{"name":"Ecuador","code":"EC"},{"name":"El Salvador","code":"SV"},{"name":"Estonia","code":"EE"},{"name":"Georgia","code":"GE"},{"name":"Ghana","code":"GH"},{"name":"Guatemala","code":"GT"},{"name":"Hà Lan","code":"NL"},{"name":"Hàn Quốc","code":"KR"},{"name":"Hoa Kỳ","code":"US"},{"name":"Honduras","code":"HN"},{"name":"Hồng Kông","code":"HK"},{"name":"Hungary","code":"HU"},{"name":"Hy Lạp","code":"GR"},{"name":"Iceland","code":"IS"},{"name":"Indonesia","code":"ID"},{"name":"Iraq","code":"IQ"},{"name":"Ireland","code":"IE"},{"name":"Israel","code":"IL"},{"name":"Jamaica","code":"JM"},{"name":"Jordan","code":"JO"},{"name":"Kazakhstan","code":"KZ"},{"name":"Kenya","code":"KE"},{"name":"Kuwait","code":"KW"},{"name":"Lào","code":"LA"},{"name":"Latvia","code":"LV"},{"name":"Lebanon","code":"LB"},{"name":"Libya","code":"LY"},{"name":"Liechtenstein","code":"LI"},{"name":"Lithuania","code":"LT"},{"name":"Luxembourg","code":"LU"},{"name":"Ma-rốc","code":"MA"},{"name":"Malaysia","code":"MY"},{"name":"Malta","code":"MT"},{"name":"Mexico","code":"MX"},{"name":"Moldova","code":"MD"},{"name":"Montenegro","code":"ME"},{"name":"Na Uy","code":"NO"},{"name":"Nam Phi","code":"ZA"},{"name":"Nepal","code":"NP"},{"name":"New Zealand","code":"NZ"},{"name":"Nga","code":"RU"},{"name":"Nhật Bản","code":"JP"},{"name":"Nicaragua","code":"NI"},{"name":"Nigeria","code":"NG"},{"name":"Oman","code":"OM"},{"name":"Pakistan","code":"PK"},{"name":"Panama","code":"PA"},{"name":"Papua New Guinea","code":"PG"},{"name":"Paraguay","code":"PY"},{"name":"Peru","code":"PE"},{"name":"Pháp","code":"FR"},{"name":"Phần Lan","code":"FI"},{"name":"Philipin","code":"PH"},{"name":"Puerto Rico","code":"PR"},{"name":"Qatar","code":"QA"},{"name":"Rumani","code":"RO"},{"name":"Séc","code":"CZ"},{"name":"Senegal","code":"SN"},{"name":"Serbia","code":"RS"},{"name":"Singapore","code":"SG"},{"name":"Slovakia","code":"SK"},{"name":"Slovenia","code":"SI"},{"name":"Sri Lanka","code":"LK"},{"name":"Tanzania","code":"TZ"},{"name":"Tây Ban Nha","code":"ES"},{"name":"Thái Lan","code":"TH"},{"name":"Thổ Nhĩ Kỳ","code":"TR"},{"name":"Thuỵ Điển","code":"SE"},{"name":"Thuỵ Sĩ","code":"CH"},{"name":"Tunisia","code":"TN"},{"name":"Úc","code":"AU"},{"name":"Uganda","code":"UG"},{"name":"Ukraina","code":"UA"},{"name":"Uruguay","code":"UY"},{"name":"Venezuela","code":"VE"},{"name":"Việt Nam","code":"VN"},{"name":"Vương quốc Anh","code":"GB"},{"name":"Ý","code":"IT"},{"name":"Yemen","code":"YE"},{"name":"Zimbabwe","code":"ZW"}]